row	src	tgt	reason
28	Verlag Berger, Horn/Vienna 2015.	Verlag Berger, Horn/Wien 2015.	lang_id
33	The /n/ of the article merges with a preceding /n/, /l/ or /r/ giving /nn/, /ll/ and /rr/ respectively, e.g. ēn-na (the gods), ōl-la (the others), awar-ra (the fields).	Das /n/ des Artikels verschmilzt mit davorstehenden /n/, /l/ und /r/ zu /nn/, /ll/ bzw. /rr/, z. B. ēn-na (die Götter), ōl-la (die Anderen), awar-ra (die Felder).	lang_id
39	DAD-IS (Domestic Animal Diversity Information System).	In: DAD-IS - Domestic Animal Diversity Information System.	lang_id
44	"In 1988, the administration of Governor Robert D. Orr proposed that the Indiana General Assembly renovate the statehouse as part of ""Hoosier Celebration '88"", the year of the building's 100th anniversary."	"1988 schlug die Verwaltung von Gouverneur Robert D. Orr der Generalversammlung von Indiana eine Renovierung des Statehouse aus Anlass der ""Hoosier Celebration '88"", der Hundertjahrfeier des Gebäudes, vor."	number_mismatch
88	The IOC also decided that it would send invitations to the 1988 Games itself and did not leave this task to the organizing committee as had been done before.	Das IOC beschloss zudem, die Einladungen zu den Spielen direkt zu verschicken, und überließ diese Aufgabe nicht wie bis dahin dem Organisationskomitee.	number_mismatch
103	"The Tragic Case of Hans Litten""."	The Tragic Case of Hans Litten“ veröffentlicht wurde.	lang_id
127	The magnetic tape memory had a capacity of 1 million Z25 words and a transmission speed of approximately 33000 Z25 words per second.	Der Magnetbandspeicher hatte eine Kapazität von einer Million Z25-Wörtern und eine Übertragungsgeschwindigkeit von rund 33.000 Z25-Wörtern pro Sekunde.	number_mismatch
150	"46; Chorale Fantasia on ""Halleluja!"	"46; Choralfantasie über ""Halleluja!"	lang_id
157	A guide to the Birds of Costa Rica.	In: A guide to the birds of Costa Rica.	lang_id
172	In the years 1960, 1964 and 1967, two boys and a girl aged 8 to 10 years old disappeared without a trace near the lively Messeplatz in Pirmasens, always on a Friday.	In den Jahren 1960, 1964 und 1967 verschwanden zwei Jungen und ein Mädchen im Alter von acht bis zehn Jahren spurlos, jeweils an einem Freitag und in der Nähe des belebten Pirmasenser Messeplatzes.	number_mismatch
174	The Weather Bureau had issued the first of its twice-daily reports at approximately 8:00 a.m.; it did not send another report to Washington, D.C. until 8:00 p.m.	Das Weather Bureau hatte gegen 8:00 Uhr morgens den ersten der zweimal täglich erstellten Berichte ausgegeben; der nächste Wetterbericht würde erst um 20:00 Uhr nach Washington, D.C. gekabelt werden.	number_mismatch
181	Category Central Tejo	Kategorie Central Tejo	lang_id
202	Anagennisi Karditsa Football Club, or Anagennisi Karditsa 1904 (Greek: Αναγέννηση Καρδίτσας 1904), is a Greek association football club based in the city of Karditsa, Greece.	Anagennisi Karditsa oder Anagennisi Karditsa 1904 (griechisch Αναγέννηση Καρδίτσας 1904) ist ein griechischer Fußballclub aus Karditsa in Griechenland.	lang_id
207	"2015: Alexandre de Juniac, CEO of Air-France-KLM, for the advertisement campaign ""Air France, France is in the air"", replacing the elegant commercial « Faire du ciel le plus bel endroit de la terre » (Making of the Sky the prettiest place on Earth)."	2015: Alexandre de Juniac, Vorstandsvorsitzender von Air France-KLM, für den Ersatz der Werbekampagne „Faire du ciel le plus bel endroit de la terre“ durch die englische Kampagne „Air France, France is in the air“.	lang_id
260	"Bijela is the home of the Jadransko brodogradilište Bijela, (Montenegrin: Јадранско бродоградилиште Бијела) (""Bijela Adriatic Shipyard""), the largest maintenance and repair shipyard dock in Montenegro."	Bijela ist seit 1927 Standort der Bijela Adria Schiffswerft (montenegrinisch: Jadransko brodogradilište Bijela, Јадранско бродоградилиште Бијела), der größten Instandsetzungs- und Reparaturwerft in Montenegro.	lang_id;number_mismatch
261	The Tërkuzë provides around 105,000,000 m3 of water per year from a catchment area of roughly 98 km2.	Die Tërkuza liefert pro Jahr rund 105.000.000 Kubikmeter Wasser aus einem Einzugsgebiet von etwa 98 Quadratkilometern.	number_mismatch
276	"10 for choir a cappella (1960): Ubi caritas et amor Tota pulchra es Tu es Petrus Tantum ergo Messe ""Cum jubilo"" op."	10 für Chor a cappella (1960): Ubi caritas et amor Tota pulchra es Maria Tu es Petrus Tantum ergo Messe Cum Jubilo op.	lang_id
299	"The first person plural has two forms: il- which is used before vowels and ii- which is used before consonants — thus, il-iyya ""we go"", ii-malli ""we jump""."	"Die 1. Person Plural hat zwei Formen: il- das vor Vokalen verwendet wird und ii- das vor Konsonanten verwendet wird — deshalb il-iyya ""wir gehen"", ii-malli ""wir springen""."	number_mismatch
306	Biographical details of Vera Ludwig.	Biographische Angaben von Vera Ludwig.	lang_id
316	I worship not that which ye worship, nor will ye worship that which I worship.	(4) Und ich verehre nicht, was ihr (bisher immer) verehrt habt, (5) und ihr verehrt nicht, was ich verehre.	number_mismatch
324	Jahrhunderts : Die Erfolgsstrategien unbekannter Weltmarktführer.	Die Erfolgsstrategien unbekannter Weltmarktführer.	lang_id
398	In the spring of 1933, the only 3 examples of the Class VT 133 railbus from Passau Hauptbahnhof were taken out of service.	Im Frühjahr 1933 nahmen die nur drei Exemplare zählenden Triebwagen vom Typ VT 133 vom Hauptbahnhof Passau aus den Betrieb auf.	number_mismatch
411	He commanded the NATO Stabilization Force in Bosnia and Herzegovina from October 23, 1998 to October 1999, concurrent with his command of U.S. Army Europe/7th Army.	Er kommandierte die NATO Stabilization Force in Bosnien und Herzegovina vom 23. Oktober 1998 bis zum Oktober 1999, gleichzeitig zu seinem Kommando über die Seventh United States Army.	number_mismatch
444	Fourteen ISAF and Afghan service members were injured.	Insgesamt wurden 14 ISAF-Soldaten und afghanische Soldaten verletzt.	number_mismatch
448	(Online as Psychologie: Mensch, was für ein Irrtum!	April 2012 (online als Psychologie: Mensch, was für ein Irrtum!	lang_id;number_mismatch
452	In 2004, trolleybus line 1 was extended about 500 m (1,600 ft) from Messezentrum to Salzburgarena.	2004 verlängerte man die Obuslinie 1 um circa 500 Meter vom Messezentrum zur Salzburgarena.	lang_id;number_mismatch
492	According to Anthony Emery in Greater Medieval Houses of England and Wales, 1300-1500: East Anglia, Central England and Wales, the structure may never have been very grand.	Laut Anthony Emerys Greater Medieval Houses of England and Wales, 1300–1600: East Anglia, Central England and Wales war das Gebäudeensemble vermutlich nie besonders großartig.	number_mismatch
525	"Christa Dürscheid was also one of the leading members in the project ""SMS communication in Switzerland: Facets of linguistic variation in a multilingual country"", which started in 2011."	Außerdem war Christa Dürscheid in der Programmleitung des Sinergia-Projekts „SMS communication in Switzerland: Facets of linguistic variation in a multilingual country“ (gefördert vom SNF).	number_mismatch
543	Playboy Cover Archive.	In: Playboy Cover Archive.	lang_id
546	The following year he played only two tournaments and in 1995-96 only the pre-qualification of the World Snooker Championship.	Im Jahr darauf spielte er nur noch zwei Turniere und 1996/96 nur noch die Vorqualifikation der Weltmeisterschaft.	number_mismatch
547	Note 2: The Athlon 64 3300+ is only available in Hewlett-Packard and IBM systems, or as an OEM chip.	Der Athlon 64 3300+ ist nur in Hewlett-Packard, IBM Systemen oder als OEM Chip verfügbar.	number_mismatch
573	Thus, Bruckner's structural structure with its Ninth Symphony also makes it a pioneer of modernism.	Somit wird Bruckner mit seiner 9. Sinfonie auch strukturell zum Vorreiter der Moderne.	number_mismatch
577	2014, June: Visions of the Alhambra, at the Vitra Campus, Weil am Rhein.	2014, Juni: Visionen der Alhambra in Vitra Campus, Weil am Rhein.	lang_id
619	"""Thomas Huber: ""Danke, dass ich leben darf!"" – Interview""."	Stefan Nestler: Thomas Huber: „Danke, dass ich leben darf!“ – Interview.	lang_id
627	Vienna 1917 Die Alanen; in: Berichte des Forschungsinstituts für Osten und Orient.	Wien 1917 Die Alanen; in: Berichte des Forschungsinstituts für Osten und Orient.	lang_id
640	Peltaria angustifolia DC. in the Near East (Israel: Golan, Hermon mountains; Jordan, Iraq, Iran).	Peltaria angustifolia DC. im Vorderen Orient (Israel: Golan-Höhen, Hermon-Gebirge; Jordanien, Irak, Iran).	lang_id
642	Internationale Komponistinnen-Bibliothek Unna, 1988.	Internationale Komponistinnen-Bibliothek Unna, 1998.	lang_id;number_mismatch
666	In June 1904 the newly-married couple travelled to New York as Weedon had a commitment on Coney Island.	Im Juni reiste das Ehepaar auf der Deutschland nach New York, da Weedon ein Engagement auf Coney Island hatte.	number_mismatch
674	"""Hamburg: Niels Annen verliert sein Direktmandat""."	Niels Annen verliert sein Direktmandat.	lang_id
677	By 1925 the party had 8 Arab members.	1925 hatte die Partei acht arabische Mitglieder.	number_mismatch
703	In the summer of 2009, he signed with Nea Salamis Famagusta.	Im Sommer 2015 unterschrieb er bei Nea Salamis Famagusta.	number_mismatch
705	Southern Watch (1991–2003) — No-Fly Zone South of 33°N over Iraq.	1991–2003 Operation Southern Watch, Flugverbotszone Süd für 33°N im Irak.	lang_id
712	It has the largest agricultural collection in Brandenburg and offers six themed rooms to give visitors an insight into the 200-year-old history of agriculture in Brandenburg.	Sie beherbergt die größte agrarhistorische Sammlung in Brandenburg und bietet in sechs Themenräumen einen Einblick in die zweihundertjährige Geschichte der Landwirtschaft Brandenburgs.	number_mismatch
717	Finally, of the four most intense hurricanes recorded in the Central Pacific, three of them occurred this season.	Von den vier intensivsten aufgezeichneten Hurrikanen im Zentralpazifik traten drei in der Saison 1994 auf.	number_mismatch
725	The choreography often includes four or six dancers or escorts called experts, who are allowed to dance around the quinceañera.	Die Choreografie beinhaltet manchmal weitere 4 oder 6 erfahrene Tänzer, „Begleiter“ genannt, die die Erlaubnis haben, um die „Quinceañera“ zu tanzen.	number_mismatch
729	Jack Point Jack in 2003 was the first interactive movie on German television.	Jack Point Jack war der erste interaktive Spielfilm im deutschen Fernsehen.	number_mismatch
760	Lock Nashville over Chattanooga.	Nashville über Chattanooga festgesetzt.	lang_id
780	"By 1931, Deésy was back in Hungary and in 1935 made his best known film, Nem élhetek muzsikaszó nélkül (""I Can't Live Without Music"")."	Deésy kehrte 1931 nach Ungarn zurück und produzierte 1935 seinen bestbekannten Film Nem élhetek muzsikaszó nélkül (1936, englisch: I Can't Live Without Music).	number_mismatch
782	"A February news article comments that the ""new programs"" mentioned could include the Civilian Inmate Labor Program."	Ein im Februar 2006 erschienener Nachrichtenartikel kommentiert, dass die erwähnten „neuen Programme“ das Zivile Häftlingsarbeitsprogramm einschließen könnten.	number_mismatch
784	Harvard Management Update.	In: Harvard Management Update.	lang_id
788	Johann Sebastian Bach: Great Organ Works of famous historical instruments, Vol.	Johann Sebastian Bach: Große Orgelwerke an berühmten historischen Instrumenten.	lang_id
790	Financial Times (UK).	In: Financial Times (UK).	lang_id
831	Aufstieg und Fall des ersten thüringischen Landgrafengeschlechts ( Wartburg-Stiftung: Eisenach) 1993.	Aufstieg und Fall des ersten thüringischen Landgrafengeschlechts, Wartburg-Stiftung Eisenach 1993.	lang_id
862	Linguists have been investigating the dialects of Romani since the second half of the eighteenth century, and although there are no ancient written records of the language, it has been possible to reconstruct the development of Romani from the medieval languages of India to its present forms as spoken in Europe.	Linguisten haben die Dialekte des Romani seit der zweiten Hälfte des 18. Jahrhunderts untersucht und, obwohl keine schriftlichen Dokumente der Sprache existieren, war es möglich, die Entwicklung des Romani von den mittelalterlichen Sprachen Indiens bis zu den heutigen, in Europa gesprochenen Formen zu rekonstruieren.	number_mismatch
880	A total of twenty-five homes in Florida were destroyed.	Insgesamt wurden in Florida 25 Häuser zerstört.	number_mismatch
882	The value of the entire network is the summary of the value to all users, who are defined as all parties doing transactions on that network. ∑ i = 1 n V i , j = ∑ i = 1 n ∑ k = 1 m B i , j , k − C i , j , k ( 1 + r k ) t k {\displaystyle \sum _{i=1}^{n}V_{i,j}=\sum _{i=1}^{n}\sum _{k=1}^{m}{\frac {B_{i,j,k}-C_{i,j,k}}{(1+r_{k})^{t_{k}}}}} where: ∑ V i , j {\displaystyle \sum V_{i,j}} = value of a network j to all users Vi,j = net present value of all transactions to user i with respect to network j, over any time period i identifies one user of the network j identifies one network k identifies one transaction Bi,j,k = the benefit value of transaction k to individual i with respect to network j Ci,j,k = the cost of transaction k to individual i with respect to network j rk = the discount rate of interest to the time of transaction k tk = the elapsed time in years to transaction k n = number of individuals m = number of transactions Beckstrom's Law gives an indication on community dynamics that affect the experience of the individual.	Letztere sind als die Individuen, beziehungsweise Einheiten, definiert, die Transaktionen mithilfe des Netzwerkes durchführen. ∑ i = 1 n V i , j = ∑ i = 1 n ∑ k = 1 m B i , j , k − C i , j , k ( 1 + r k ) t k {\displaystyle \sum _{i=1}^{n}V_{i,j}=\sum _{i=1}^{n}\sum _{k=1}^{m}{\frac {B_{i,j,k}-C_{i,j,k}}{(1+r_{k})^{t_{k}}}}} Mit: ∑ V i , j {\displaystyle \sum V_{i,j}}  = Wert des Netzwerks j für alle Nutzer Vi,j = Nettowert aller Transaktionen für Nutzer i in Bezug auf Netzwerk j, über jegliche Zeitperiode i = Kennung für einen Nutzer des Netzwerkes j = Kennung eines Netzwerks k = Kennung einer Transaktion Bi,j,k = der Wert von Transaktion k für Nutzer i in Bezug auf Netzwerk j Ci,j,k = die Kosten von Transaktion k für Nutzer i in Bezug auf Netzwerk j rk = der Zins-Diskontierungsfaktor bis zu Zeitpunkt k tk = verstrichene Zeit in Jahren bis zu Transaktion k n = Anzahl der Nutzer m = Anzahl der Transaktionen Beckstroms Gesetz vermittelt ein Verständnis dafür, wie Dynamiken innerhalb von Gruppen die Erfahrungen einzelner Individuen beeinflussen.	length
889	Those players born around 1970 are now known as the Habu generation , not just because they were born in the same year, but also due to their outstanding achievements as players.	Diese Spieler sind mittlerweile als die Generation Habu bekannt, nicht nur weil sie alle in demselben Jahr geboren wurden, sondern auch aufgrund ihrer herausragenden Erfolge als Spieler.	number_mismatch
901	"""British Guiana Four Cent and One Cent of 1856""."	Die British Guayana 1 Cent von 1856.	lang_id;number_mismatch
906	Hanningfield was also a member of the Court of Essex University and a Deputy Lieutenant of the County of Essex.	Hanningfield ist außerdem Mitglied des Court der University of Essex und Deputy Lieutenant von Essex seit 1991.	number_mismatch
909	A dose of 100 mg of iron is thus necessary in order for 10 mg to be absorbed.	Eine Dosis von 100 mg Eisen ist also notwendig, damit 10 mg aufgenommen werden.	lang_id
943	"""Merz kein ""Anti-Merkel"" - Kramp-Karrenbauer warnt SPD""."	Merz kein «Anti-Merkel» – Kramp-Karrenbauer warnt SPD.	lang_id
948	Caltrans toll bridge program.	In: Caltrans toll bridge program.	lang_id
951	In cooperation with the Ópusztaszer National Heritage Park and the Feszty-Panorama 2017 Queens/New York City, United States, (Re)Thinking The Panorama.	In Kooperation mit dem Ópusztaszer National Heritage Park und dem Feszty-Panorama 2017 Queens/New York City, NY, USA, (Re)Thinking The Panorama.	lang_id
963	Between 1455 and 1460 James II proved to be an active and interventionist king.	Ab 1455 erwies sich Jakob II. als aktiver und interventionistischer König.	number_mismatch
973	In addition, G 7.1 engines from Lithuania were added as numbers 55 274 and 55 691-694.	Außerdem wurden G 71 aus Litauen als 55 274 und 55 691-694 eingeordnet.	number_mismatch
979	"Bischof, Walter F. ""38 Aus tiefer Not schrei ich zu dir""."	Walter F. Bischof: 38 Aus tiefer Not schrei ich zu dir.	lang_id
981	From 1975-1985, he was a lecturer at the ‘‘Lehrinstitut für Grafikdesign‘‘ U5 Academy  (now ‘‘Akademie in der Einsteinstraße‘‘).	Von 1975 bis 1985 hat er eine Dozententätigkeit am Lehrinstitut für Grafikdesign U5 (jetzt Akademie in der Einsteinstraße).	lang_id
998	In June 2009, Xatar gave a thirty minute interview on Kurdistan TV.	Im Juni 2009 gab Xatar ein 30-minütiges Interview bei Kurdistan TV.	number_mismatch
999	Zastava-arms.rs.	In: zastava-arms.rs.	lang_id
1015	In Wood, D. Linking Enterprise Data.	In: D. Wood (Hrsg.): Linking Enterprise Data.	lang_id
1048	Frank Stephenson (born 4th October 1959) is an American automobile designer widely known for his design work at Mini, Fiat, Alfa Romeo, Ferrari and McLaren.	Frank Stephenson (* 3. Oktober 1959) ist ein US-amerikanischer Autodesigner, der für seine Designarbeiten bei Mini, Fiat, Alfa Romeo, Ferrari und McLaren bekannt ist.	number_mismatch
1056	Barbara Gärtner, Johannes Widmanns „Behende und hübsche Rechenung“.	Barbara Gärtner: Johannes Widmanns „Behende und hubsche Rechenung“.	lang_id
1059	Die Entgrenzung der Gewalt in kriegerischen Konflikten vom Mittelalter bis ins 20.	Die Entgrenzung der Gewalt in kriegerischen Konflikten vom Mittelalter bis ins 20. Jahrhundert.	lang_id
1074	Pete's Dragon.	Pete’s Dragon.	lang_id
1082	October 1 – Fred Lonberg-Holm, American cellist.	Oktober: Fred Lonberg-Holm, US-amerikanischer Cellist 01.	number_mismatch
1087	Despite being outnumbered two to one, Arnold demanded the city's surrender.	Obwohl er im Verhältnis 1:2 zahlenmäßig unterlegen war, forderte Arnold die Stadt zur Kapitulation auf.	number_mismatch
1088	Jochen Brennecke: Geschichte der Schiffahrt, Künzelsau 1986 (2nd ed.)	Jochen Brennecke: Geschichte der Schiffahrt, Künzelsau 1986 (2. Aufl.)	lang_id
1109	Since 1995 it has the Talentzentrum Gelsenkirchen, and since 2000 the Fußballschule Auf Schalke/Teilinternat Gesamtschule Berger Feld.	Seit 1995 besteht das Talentzentrum Gelsenkirchen und seit 2000 die Fußballschule Auf Schalke/Teilinternat Gesamtschule Berger Feld.	lang_id
1129	DAEDALUS or Science and the Future.	1923 Daedalus oder Wissenschaft und Zukunft.	number_mismatch
1132	The man is Ronny Devereux.	Der Erschossene ist Ronny Devereux.	lang_id
1137	Curt Echtermeyer, 1896 bis 1971 : Ölbilder und Pastelle.	Curt Echtermeyer, 1896 bis 1971: Ölbilder und Pastelle.	lang_id
1157	At the age of twelve, he earned his first money by selling drugstore goods ten percent cheaper.	Mit zwölf Jahren verdiente er sein erstes Geld mit dem Verkauf von 10 % billigeren Drogerie-Artikeln.	number_mismatch
1163	There he lived in a kibbutz, served from 1946 in the elite troop Palmach and after the foundation of Israel he served in the Israeli army until 1950.	Er lebte in einem Kibbuz, diente ab 1946 in der Elitetruppe Palmach und nach der Staatsgründung Israels bis 1949 in der israelischen Armee.	number_mismatch
1169	Caligula also gave him the whole amount of the revenues of Commagene during the twenty years that it had been a Roman province.	Caligula gab ihm auch die gesamten Staatseinnahmen Kommagenes während der 20 Jahre, während der es eine römische Provinz war.	number_mismatch
1180	The Torment (liner notes).	Ihnen wird eine Strafe im Jenseits angedroht.	lang_id
1191	In 1932, Ludwig Bieberbach published in Journal für die reine und angewandte Mathematik his work Zur Lehre von den kubischen Konstruktionen.	Im Jahr 1932 veröffentlichte Ludwig Bieberbach im Journal für die reine und angewandte Mathematik seine Arbeit Zur Lehre von den kubischen Konstruktionen.	lang_id
1205	"""Zwei Deutsche mischen Kanadas Gründerszene auf""."	Zwei Deutsche mischen Kanadas Gründerszene auf.	lang_id
1209	Petr Apostol 46 Fanagoria 40 Kinburn 40 Legkii 40 Perun 40 Stryela 40 Taganrog 40 Sv.	Pjotr Apostol 46 Fanagoria 40 Kinburn 40 Legki 40 Perun 40 Strela 40 Taganrog 40 Sw.	lang_id
1223	"""Ei riitä että maalaa kukkia, täytyy maalata hirttosilmukoitakin."""	Es reicht nicht, Blumen zu malen, man muss auch Henkersknoten malen.	lang_id
1233	Travels with Charley: In Search of America.	Die Reise mit Charley: Auf der Suche nach Amerika).	lang_id
1254	She has published for magazines and anthologies like Esperança e Certeza I (2006) or A Minha Maputo È (2012) 2016.	Sie hat für Zeitschriften und Anthologien wie Esperança e Certeza I (2006) und A Minha Maputo È (2012) veröffentlicht.	number_mismatch
1278	Twenty-first century newspaper stories report that the ghost of the murdered George Ogilvy, 3rd Lord Banff, haunts the castle.	In Zeitungsgeschichten aus dem 21. Jahrhundert wird berichtet, dass der Geist des ermordeten Georg Ogilvy, 3. Lord of Banff, in der Burg umgeht.	number_mismatch
1280	1989 the Directors Guild of America honored Micheaux with a Golden Jubilee Special Award.	1986 ehrte die Directors Guild of America Micheaux mit einem Golden Jubilee Special Award.	number_mismatch
1287	The first satellite, Explorer 1, still went into space without solar cells, since it was a quick, less-than-ideal solution after the start of the Sputnik to show the American public that America's scientists could also start a satellite.	Der erste Satellit, Explorer I, flog noch ohne Solarzellen ins All, nicht zuletzt, weil er eine schnelle Notlösung war, um nach dem Start des Sputnik der amerikanischen Öffentlichkeit zu zeigen, dass auch Amerikas Wissenschaftler in der Lage waren, einen Satelliten zu starten.	number_mismatch
1290	Festival Electric Eclectics, Meaford (Canada), 2006 Die Grüne Hölle.	Festival Electric Eclectics, Meaford (Kanada), 2006 Die Grüne Hölle.	lang_id
1324	In preparation for the transfer of sovereignty from the United Kingdom to the People's Republic of China, the unit was disbanded on 31 March 1993.	In Vorbereitung der Übertragung der Souveränität Hongkongs vom Vereinigten Königreich auf die Volksrepublik China, wurde die Einheit am 1. April 1993 aufgelöst.	number_mismatch
1340	115 Chor der Toten (Choir of the Dead) for Mixed Choir and Orchestra op.	115 Chor der Toten für gemischten Chor und Orchester op.	lang_id
1344	"Many conservatives criticized the work for reasons summed up by Congressman Robert K. Dornan in his statement that it was ""ceramic 3-D pornography"", but some feminists also found the imagery problematic because of its essentializing, passive nature."	Viele Konservative kritisierten die Arbeit aus Gründen, die der Kongressabgeordnete Robert K. Dornan 1990 in seiner Aussage, es handele sich um eine „keramische 3D-Pornografie“, zusammenfasste, während einige Feministinnen die Werke aufgrund ihrer essentiellen Passivität als problematisch empfanden.	number_mismatch
1362	However, since the festivities that day were to begin with a celebration at the ICC, the then Executive Mayor, Eberhard Diepgen, would not be able to attend and hence the opening was brought forward by 3 days.	Da an diesem Tag jedoch die Feierlichkeiten mit einem Festakt im ICC begannen, war der damalige Regierende Bürgermeister Eberhard Diepgen unabkömmlich und die Eröffnung wurde deswegen drei Tage vorgezogen.	number_mismatch
1370	"""Wie kleine diese Welt..."	Wie klein diese Welt ...	lang_id
1385	Onderstepoort J. Vet.	In: Onderstepoort J. Vet.	lang_id
1392	Compare Sp. rey ('king'), mayor ('larger, greater, elder') with Port. rei ('king'), maior ('larger, greater').	Zum Vergleich Sp. rey („König“), mayor („größer“, „älter“) und Port. rei, maior.	lang_id
1397	In U. M. Staudinger & U. E. R. Lindenberger (Eds.), Understanding human development: Dialogues with lifespan psychology (pp. 159–182).	In: U. M. Staudinger & U. E. R. Lindenberger (Eds.), Understanding human development: Dialogues with lifespan psychology (S. 159–182).	lang_id
1400	1996 — Messiah comes!	1996 — Hier kommt der Messias!	lang_id
1423	The following night on Raw, two triple threat matches were set to determine Lesnar's challenger for SummerSlam.	In der folgenden Nacht bei Raw wurden jedoch zwei Triple-Threat-Matches angesetzt, um Lesnars Herausforderer für den SummerSlam 2018 zu ermitteln.	number_mismatch
1424	"For example, Lyttelton was heard to exclaim at the end of a round: ""Nietzsche said that life was a choice between suffering and boredom."	"Zum Beispiel hat Humph einmal am Ende einer Runde gesagt: ""Nietzsche said that life was a choice between suffering and boredom."	lang_id
1428	Around Europe Logos, Index Book, Barcelona/Spain 2004 Plakatserien von Klaus Hesse.	Around Europe Logos, Index Book Barcelona 2004 Plakatserien von Klaus Hesse.	lang_id
1443	8 (composed 1940, unpublished): Prélude Berceuse Scherzetto Variations D'une âme...: poème en dix chants op.	8 (komponiert 1940, unveröffentlicht): Prélude Berceuse Scherzetto Variations D'une âme...: poème varié en dix chants enchaînes op.	lang_id
1460	Grossman left in 1987 to replace Clyde Bramley in Hoodoo Gurus.	Grossman verließ die Band im Jahr 1987, um Clyde Bramley bei den Hoodoo Gurus zu ersetzen.	lang_id
1480	The district was created in 1896 under the name Bang Phai Nat (บางไผ่นารถ).	Der Landkreis wurde 1896 unter dem Namen Bang Phai Nat (บางไผ่นารถ) eingerichtet.	lang_id
1490	Already before currency reform in 1948, the Frankenberg district had begun building the district hospital on the Goßberg, to which a nursing school and nurses' residence were added in the early 1970s.	Schon vor der Währungsreform 1948 hatte der Landkreis Frankenberg mit dem Bau des Kreiskrankenhauses am Goßberg begonnen, dem bald darauf eine Schwesternschule und ein Schwesternwohnheim angefügt wurde.	number_mismatch
1501	Picture of Bert Greeves	Foto von Bert Greeves	lang_id
1517	"""M. Night Shyamalan's The Last Airbender Gets Release Date, Director Update, ""Avatar"" Dropped From Title"". /Film."	Abgerufen am 13. Oktober 2013.  M. Night Shyamalan’s The Last Airbender Gets Release Date, Director Update, „Avatar“ Dropped From Title.	lang_id;number_mismatch
1522	Bloesch.: Freudenberger, Sigmund.	Hans Bloesch: Freudenberger, Sigmund.	lang_id
1550	Gisi, Lucas Marco: Einbildungskraft und Mythologie.	Lucas Marco Gisi: Einbildungskraft und Mythologie.	lang_id
1605	She was co-editor of the journal Kirche und Israel (during 1986-1993) and of the issue Arbeiten zur kirchlichen Zeitgeschichte.	Sie war Mitherausgeberin der Zeitschrift Kirche und Israel (von 1986 bis 1993) und der Reihe Arbeiten zur kirchlichen Zeitgeschichte.	lang_id
1638	In 1705 - Hardy Petit de la Guierche is, without a doubt, the origin of the marquisate of the castle.	Im Jahr 1705 - Hardy Petit de la Guierche ist ohne Zweifel der Ursprung der Markgrafschaft der schloss.	lang_id
1644	Musik des Lichtes und der Finsternis, a commission by the Philharmonia Ensemble of the Hessischer Rundfunk.	Musik des Lichtes und der Finsternis im Auftrag des Philharmonia Ensemble des Hessischen Rundfunks.	lang_id
1653	Repurposed first under the Japanese occupation during World War II and again following the Communist conquest of Shanghai in 1949, the synagogue has been a protected architectural landmark of the city since 1994.	Zweckentfremdet erstmals während der japanischen Besetzung während des Zweiten Weltkrieges und dann noch einmal nach der kommunistischen Eroberung von Shanghai 1949, ist die Synagoge seit 1999 ein geschütztes Baudenkmal der Stadt.	number_mismatch
1670	Observer.gm.	In: observer.gm.	lang_id
1677	Large format R prints.	Großformatige R Prints.	lang_id
1689	He composed a work for 4 clarinets and piano entitled Cows and Beasts.	Er schrieb ein Stück für vier Klarinetten und Piano mit dem Titel Cows and Beasts.	number_mismatch
1694	Kark has written and edited twenty books and over 250 peer-reviewed articles on the history and historical geography of Palestine and Israel.	Kark hat mehr als 20 Bücher und über 250 Artikel über die Geschichte und historische Geographie Palästinas und Israels geschrieben und veröffentlicht.	number_mismatch
1704	"Volker Probst: From zero to number one: ""Schland o Schland"". in: n-tv.de."	"Volker Probst: Von Null auf Eins ""Schland o Schland""."	lang_id
1708	"""Rapunzel, Rapunzel, Let Down Your Hair""."	Drewermann, Eugen: Rapunzel, Rapunzel, laß dein Haar herunter.	lang_id
1710	The face values of B shares are set in Renminbi.	Der Nennwert von B-Shares ist in Renminbi festgesetzt.	lang_id
1730	"""Please wait""."	"""Warte nicht!"""	lang_id
1753	The costs were estimated in mid-2012 as amounting to €5.7 billion, plus a little more than €1 billion for planning costs.	Die Baukosten wurden Mitte 2012 auf 5,7 Milliarden Euro geschätzt, zuzüglich etwas mehr als einer Milliarde Planungskosten.	number_mismatch
1755	The objective is to traverse 20 levels with one or two ducks (namely Herbert and his friend Oscar) to liberate his girlfriend.	Der Spielinhalt besteht darin, sich mit einer oder zwei Enten (Herbert und sein Freund Oskar) durch zwanzig Level zu kämpfen und am Ende seine Freundin zu befreien.	number_mismatch
1761	"""'Riverdale,' 'Flash,' 'Supernatural' Among 10 CW Renewals""."	Lesley Goldberg: 'Riverdale,' 'Flash,' 'Supernatural' Among 10 CW Renewals (englisch) In: The Hollywood Reporter.	lang_id
1764	The collections Allergy (Алергія) (1999) and Central Hotel (Готель Централь) (2004) were the winners of Book of the Month contests in 2000 and 2004 respectively.	Ihre Gedicht-Sammlungen Allergy (Алергія, 1999) und Central Hotel (Готель Централь, 2004) gewannen jeweils 2000 und 2004 den Wettbewerb Buch des Monats.	lang_id
1767	After 3 qualifying matches against the Thüringer SG Zeiss Jena (1:1, 2:2 and 5:1) they qualified for the newly founded German Democratic Republic Premier League.	Nach drei Ausscheidungsspielen gegen die Thüringer SG Zeiss Jena (1:1, 2:2 und 5:1) qualifizierten sich die Zwickauer für die neu eingerichtete Oberliga des Deutschen Sportausschusses.	number_mismatch
1771	Tanja Paar: Urlaub für die Schule, Der Standard, 23 December 2006 Cf.	Tanja Paar: Urlaub für die Schule, Der Standard, 23. Dezember 2006 Vgl.	lang_id
1782	75 Jahre Alexander Schleicher Segelflugzeugbau (in German).	75 Jahre Alexander Schleicher Segelflugzeugbau.	lang_id
1790	These rationalisation measures at first had no effect on the passenger traffic between Rohrbach and Landau.	Die in den 1980er Jahren erfolgten Rückbauten hatten zunächst keine Auswirkungen auf den Personenverkehr zwischen Rohrbach und Landau.	number_mismatch
1796	A character data book titled Nurarihyon no Mago: Official Character Data Book: Secret Ayakashi Notes (ぬらりひょんの孫　キャラクター公式データブック　妖秘録, Nurarihyon no Mago: Kyarakutā Kōshiki Dēta Bukku: Ayakashi Hiroku) was released on July 2, 2010.	Ein Sonderband mit dem Titel Nurarihyon no Mago: Official Character Data Book: Ayakashi Hiroku (ぬらりひょんの孫　キャラクター公式データブック　妖秘録, Nurarihyon no Mago: Kyarakutā Kōshiki Dēta Bukku: Ayakashi Hiroku) erschien am 2. Juli 2010.	lang_id
1814	When Michela and Jesse flipped the lights back on, both aisles were lined with seventeen lesbians wearing their Lavender Menace T-shirts and holding the placards we had made.	Als Michaela und Jesse die Lichter wieder andrehten waren beide Gänge mit 17 Lesben flankiert, die lila T- Shirts mit der Aufschrift „Lavender Menace“ trugen und die selbstgebastelten Plaketten hielten.	number_mismatch
1815	The estate was sold but not the house and grounds, which were then leased to house Poltimore College, a girls' school that closed in 1939.	Das Anwesen wurde verkauft, nicht aber das Haus und das Grundstück, die dem Poltimore College, einer Mädchenschule, verpachtet wurden.	number_mismatch
1823	The release of MetaTrader 4 600 build in 2014 was a major update of the language.	Die Freigabe des MetaTrader 4 build 600 im Jahr 2014 umfasste eine umfangreiche Weiterentwicklung seiner Sprache.	number_mismatch
1839	Also, the Trachtenberg system includes some specialised methods for multiplying small numbers between 5 and 13.	Außerdem enthält das Trachtenberg-System einige spezielle Methoden für die Fälle der Multiplikation von kleinen Zahlen zwischen fünf und dreizehn.	number_mismatch
1867	There are approximately 1,250 business seats, 29 VIP boxes for 10–12 people and 96 press places.	Es gibt ca. 1250 Business-Sitze, 29 VIP-Logen für zehn bis zwölf Personen und 96 Presseplätze.	number_mismatch
1879	Social Science & Medicine (1982).	In: Social science & medicine (1982).	lang_id
1889	Reinhardtsdorf-Schöna encompasses the villages of Reinhardtsdorf, Schöna and Kleingießhübel.	Reinhardtsdorf-Schöna umfasst die Ortsteile Reinhardtsdorf, Schöna und Kleingießhübel.	lang_id
1892	Buchwald was trainer from January 2004 to December 2006 in Japan's professional J1 League with Urawa Red Diamonds and therefor was limited as an available representative.	Buchwald war von Januar 2004 bis Dezember 2006 Trainer in Japans Profiliga J. League bei den Urawa Red Diamonds und stand so nur sehr eingeschränkt als Repräsentant zur Verfügung.	number_mismatch
1894	Since 1983, more than fifteen of his films were premiered at the Berlin International Film Festival in various sections (Panorama, Forum of New Cinema, Forum Expanded).	Über 15 seiner Filme wurden seit 1983 bei der Berlinale in verschiedenen Sektionen (Panorama, Forum des Jungen Films, Forum Expanded) uraufgeführt.	number_mismatch
1903	The history of the Lokomotiv starts back in 1946 in Mineralnye Vody.	Die Geschichte von Lokomotive begann 1946 in Mineralnyje Wody.	lang_id
1908	1881 Bolivian foreign minister under President Campero.	1878 Präfekt von La Paz 1881 Bolivianischer Außenminister unter Präsident Campero.	number_mismatch
1909	Right: analyzer (blue: spin-up; red: spin-down).	Rechts: Analysator (blau: Spin nach oben; rot: Spin nach unten).	lang_id
1913	With Don Peterson.	Mit Don Peterson.	lang_id
1915	Retrieved 16.03.2014 Levin, Tobe.	Abgerufen am 16. März 2014 Levin, Tobe.	lang_id;number_mismatch
1921	After the closure of the Truganina Explosives Reserve in 1962 the Victorian Government sold most of the land, but retained 16 hectares (40 acres) for the State Labour Inspectorate for Destruction of Dangerous Goods.	Nach der Schließung des Sprengstofflagers Truganina im Jahr 1962 verkaufte die Regierung von Victoria den größten Teil des Landes, behielt aber 16 Hektar für die damalige staatliche Arbeitsschutzbehörde für Versuche und Demonstrationen zur Zerstörung von gefährlichen Gütern.	number_mismatch
1923	The other two films, scheduled for release in 2010, are The Labors of Hercules: Modern Solutions to 12 Herculean Problems and UNICE: Universal Network of Intelligent Conscious Entities.	Die beiden anderen Filme, deren Herausgabe für Ende 2008 vorgesehen ist, sind The Labors of Hercules: Modern Solutions to 12 Herculean Problems and UNICE: Universal Network of Intelligent Conscious Entities.	number_mismatch
1951	"""Berichtigung zur Arbeit ""Die Rolle des Standorts in der Relativitätstheorie""""."	Berichtigung zur Arbeit „Die Rolle des Standorts in der Relativitätstheorie“.	lang_id
1987	On August 19, 2006, 28 prisoners managed to escape Dendermonde prison.	Im August 2006 wurde ihr vorgeworfen, dass 28 Häftlinge aus dem Gefängnis von Dendermonde fliehen konnten.	number_mismatch
1997	"Also in 1956 Mrs. Grosvenor sold the second ""Kenmare House"" together with 25,000 acres (100 km2) to an American syndicate, which in turn resold it in 1959 to John McShain (1898-1989), an American building contractor."	Ebenfalls 1956 verkaufte Mrs Grosvenor das zweite Kenmare House zusammen mit 100 km² Grund an ein US-amerikanisches Syndikat, das es wiederum 1959 an John McShain (1898–1989), einen US-amerikanischen Generalbauunternehmer, weiterverkaufte.	number_mismatch
2012	He stood at 172,700, - DM (To gauge the damage: The weekly earnings of a well-paid employee monastery in this period amounted to 35.00 DM / ca.	Er lag bei 172.700,- DM (Um den Schaden zu ermessen: Der Wochenverdienst eines gut verdienenden Klostermitarbeiters betrug in dieser Zeit 35,00 DM/ca. 18 €).	number_mismatch
2020	Brett married firstly Jean Valerie Cooper in 1961.	Brett heiratete 1961 Jean Valerie Cooper.	lang_id
2022	April 1971 – Hatice Erülkeroglu (23), Turkish geriatric nurse.	April 1971 – Hatice Erülkeroglu (23), türkische Altenpflegerin.	lang_id
2051	Finally, the Gotthard road tunnel was also dismissed from the inventory of strategic buildings.	Schliesslich wurde auch der Gotthardtunnel der A2 aus dem Inventar strategischer Bauten entlassen.	number_mismatch
2063	Ida y vuelta.	Gedreht und gewendet.	lang_id
2072	The meeting ended with the acceptance of a six-point resolution: As soon as there were enough Faroese schoolbooks available, Faroese should be used as an educational language in schools.	Die Versammlung beschloss am Ende eine 6-Punkte-Resolution: Sobald genug färöische Schulbücher vorhanden sind, soll die Schulsprache Färöisch sein.	number_mismatch
2096	Fabian Society, London.	Fabian Society, London .	lang_id
2109	As of July 2018, 26 of the planned 30 active satellites are in orbit.	Mit dem Start vom 25. Juli 2018 sind 26 der vorgesehenen 30 Satelliten im Orbit.	number_mismatch
2110	"""Rihanna Heats Up Italy's 'X Factor'""."	Abgerufen am 16. Juni 2011.  Rihanna Heats Up Italy’s ‘X Factor’.	lang_id;number_mismatch
2122	The Doctor Who Forum.	In: The Doctor Who Forum.	lang_id
2129	The Jose Castro House in San Juan Bautista is now a National Historic Landmark.	Das José Castro House von 1840 in San Juan Bautista gehört heute zu den National Historic Landmark.	number_mismatch
2138	His discoveries include the periodic comet 24P/Schaumasse, and the two non-periodic comets C/1913 J1 (Schaumasse) or 1913 II, and C/1917 H1 (Schaumasse) or 1917 II.	Insgesamt entdeckte er drei Kometen: Den periodischen Kometen 24P/Schaumasse im Jahre 1911 und die nichtperiodischen Kometen C/1913 J1 (Schaumasse) (auch 113 II genannt) und C/1917 H1 (Schaumasse) (oder 1917 II).	number_mismatch
2147	175 of Louis Maes on a Jubileum CD celebrating 150 years Bruges conservatory (1997).	175 von Louis Maes auf der Jubiläum CD 150 Jahre Konservatorium Brügge (1997).	lang_id
2174	Die Genesis der Endlösung aus dem Geiste der Wissenschaften: Volksgeschichte und Bevölkerungspolitik im Nationalsozialismus.	Aufsätze Die Genesis der Endlösung aus dem Geiste der Wissenschaften: Volksgeschichte und Bevölkerungspolitik im Nationalsozialismus.	lang_id
2189	Auch wenn der Freistaat Bayern soeben wieder eine Teilveröffentlichung von Hitlers ‘Mein Kampf’ verhindert hat, gehen die Arbeiten an einer großen Edition weiter.	Auch wenn der Freistaat Bayern soeben wieder eine Teilveröffentlichung von Hitlers „Mein Kampf“ verhindert hat, gehen die Arbeiten an einer großen Edition weiter.	lang_id
2201	Animal Abuse Crime Database search form for the U.S. and UK.	Animal Abuse Crime Database Suchformular für U.S. und UK.	lang_id
2215	"""'Doctor Strange' Update: Colin Farrell Enters the Mix, But Don't Count Out Benedict or Joaquin (Exclusive)""."	‘Doctor Strange’ Update: Colin Farrell Enters the Mix, But Don’t Count Out Benedict or Joaquin (Exclusive), abgerufen am 10. April 2016.	lang_id;number_mismatch
2241	In 2000, Peter Gentsch founded the Social Media Excellence-Circle (SME).	2000 gründete Peter Gentsch den Social Media Excellence-Circle (SME).	lang_id
2247	BAES, Innsbruck 2012. (together with DJ Dimka Special-K) Before the explosion we will kiss (Перед вибухом поцілуємося).	Czernowitz 2012. (gemeinsam mit DJ Dimka Special-K) Vor der Explosion werden wir uns küssen (Перед вибухом поцілуємося).	lang_id
2275	"Rhoda Eitel-Porter, ""Gert & Uwe Tobias""."	"Rhoda Eitel-Porter: ""Gert & Uwe Tobias""."	lang_id
2286	Arsprototo, Ausgabe 4/2011 (German) Andrea Reidt, Werner Sonntag: Allgäu.	Arsprototo, Ausgabe 4/2011 Andrea Reidt, Werner Sonntag: Allgäu.	lang_id
2300	His first international race was a downhill at the '99 British Championships which were held in France, due to there being no suitable venue available in Great Britain.	Sein erstes internationales Rennen war eine Abfahrt bei den britischen Meisterschaften im Jahr 1999, die in Frankreich abgehalten wurden, da innerhalb Großbritanniens kein geeigneter Veranstaltungsort gefunden werden konnte.	number_mismatch
2302	"Satie had written a postcard to the critic which read, ""Monsieur et cher ami – vous êtes un cul, un cul sans musique!"	Satie hatte ihm eine Postkarte geschrieben mit dem Text: „Monsieur et cher ami – vous êtes un cul, un cul sans musique!	lang_id
2303	Paul Seidel, Leben und Werke von Leonhard Sohncke (1842–1897), einem Mitbegründer des Oberrheinischen Geologischen Vereins, Jber.	Paul Seidel: Leben und Werke von LEONHARD SOHNCKE (1842–1897), einem Mitbegründer des Oberrheinischen Geologischen Vereins, Jber.	lang_id
2329	The beginnings of Patria go back to the establishment of Basler Sterbe- und Alters-Kasse in 1878.	Die Anfänge der Patria gehen auf die Errichtung der Basler Sterbe- und Alters-Kasse im Jahr 1878 zurück.	lang_id
2340	It is also used on the keyboard of the 2015 MacBook and on the 2016 MacBook Pro, replacing VAG Rounded.	Sie wird auch für das Tastaturschriftbild des 2015 vorgestellten MacBooks verwendet und ersetzt VAG Rounded.	number_mismatch
2344	Martin Persch: Ludolf von Trier.	Martin Persch: Ludolf von Trier.	lang_id
2357	In 1907, Firma P.W.M Trap, Leiden, Holland published a Bible in the Tontemboan language, a language of Minahasa.	1907 publizierte der Verleger P.W.M Trap in Leiden, Niederlande, eine Bibel in der Sprache von Tontemboan, einer Sprache der Minahasa.	lang_id
2359	Reeves once again managed the now ducal (Albertine) amt of Rochsburg.	Wieder verwalteten Vögte das nunmehr herzogliche (albertinische) Amt Rochsburg.	lang_id
2361	Mark Shuttleworth blog.	In: Blog von Mark Shuttleworth.	lang_id
2381	The twelve project teams could use the knowledge and experience from 200 trainers, marketing experts, product designers and engineers to further develop their prototype in five weeks.	Die 12 Projekte konnten auf das Wissen und Erfahrung von insgesamt 200 Trainer, Marketing-Fachleuten, Produktentwickler, Designer und Programmierer zurückgreifen, um ihr Produkt in den 5 Wochen weiter zu entwickeln.	number_mismatch
2401	Black Emperor, an influential instrumental rock ensemble.	Black Emperor, ein einflussreiches Post-Rock-Ensemble.	lang_id
2440	We demand the nationalisation of all (previous) associated industries (trusts).	13. Wir fordern die Verstaatlichung aller (bisher) bereits vergesellschafteten (Trust) Betriebe.	number_mismatch
2451	Deus caritas est.	Gott ist Caritas.	lang_id
2459	In 2006, she followed part of the Andes from Chile to Machu Picchu]] 7000 km for eight months.	Im Jahr 2006 wanderte sie auf dem Rücken der Anden von Chile bis nach Machu Picchu (7000 Kilometer in 8 Monaten).	number_mismatch
2462	Le Toux was not among Seattle's protected 11 players for the 2009 MLS Expansion Draft.	Am Ende der Saison war er nicht unter den elf Spielern die, die Sounders für den MLS Expansion Draft 2009 schützen ließen.	number_mismatch
2477	Zugleich ein Beitrag zur Kenntnis der Myelitis acuta, Diss.	Zugleich ein Beitrag zur Kenntnis der Myelitis acuta.	lang_id
2478	J Vector Borne Dis.	In: J Vector Borne Dis.	lang_id
2493	SV 1921 Guntersblum – With roughly 430 members, SV 1921 Guntersblum is one of the municipality's bigger clubs.	SV 1921 Guntersblum – Mit etwa 450 Mitglieder ist der Fußballverein SV 1921 Guntersblum einer der größten Vereine im Ort.	number_mismatch
2502	In September 2011, Isis announced that HTC, LG Electronics, Motorola Mobility, Samsung Electronics, Research in Motion, and Sony Ericsson had committed to manufacturing smartphones that would be compatible with the system.	Im September 2014 kündigte Isis an, dass HTC, LG Electronics, Motorola Mobility, Samsung Electronics, Research in Motion und Sony Ericsson sich bereit erklärten, Smartphones zu produzieren, die mit dem System kompatibel sind.	number_mismatch
2504	"Fränzi (2011) ""So Much Love"" – La Mica feat."	Fränzi 2012: So Much Love – La Mica feat.	lang_id;number_mismatch
2517	Der nationale Ehrdiskurs im Vorfeld der preußisch-französischen Kriege im 19.	Zum nationalen Ehrdiskurs im Vorfeld der preußisch-französischen Kriege des 19. Jahrhunderts.	lang_id
2528	Jürgen Müller, Nationalsozialismus in Lateinamerika: Die Auslandsorganisation der NSDAP in Argentinien, Brasilien, Chile und Mexiko, 1931–1945 (1997) 567pp.	Jürgen Müller: Nationalsozialismus in Lateinamerika – die Auslandsorganisation der NSDAP in Argentinien, Brasilien, Chile und Mexiko, 1931–1945.	lang_id;number_mismatch
2545	"Retrieved 4 May 2017. ""easyCredit - Awards - Bester Angreifer und bester Verteidiger""."	Abgerufen am 17. Mai 2016.  easyCredit - Awards - Bester Angreifer und bester Verteidiger.	lang_id;number_mismatch
2552	In August, she travelled at Inglis' request to Dobrudja in Romania.	Im August 1916 fuhr sie auf Inglis' Bitte hin in die Dobrudscha in Rumänien.	number_mismatch
2584	Exhibition: With Uwe Prell: Die Berliner Luftbrücke, (Berlin- Tegel, 1987).	Ausstellung: mit Uwe Prell: Die Berliner Luftbrücke, (Berlin-Tegel, 1987).	lang_id
2595	Auris, Nasus, Larynx.	In: Auris, nasus, larynx.	lang_id
2608	As an example, 10.0 LTS will be supported along with 11.0 LTS and 12.0 LTS, but it will reach end-of-life when 13.0 LTS is released.	Als ein Beispiel wird 9.0 LTS zusammen mit 10.0 LTS und 11.0 LTS unterstützt, aber es wird das Ende der Lebensdauer erreichen, wenn 12.0 LTS veröffentlicht wird.	number_mismatch
2612	In the sixties and seventies, the company expanded by opening branches at all major airports in Germany.	In den 1960er und 1970er Jahren expandierte das Unternehmen durch die Eröffnung von Filialen an allen bedeutenden Flughäfen Deutschlands in das gesamte Bundesgebiet.	number_mismatch
2613	This is very well documented by the counting stations of Wünnewil and bull (overland routes), which in 2000 were measured in the average daily volume of 29,000 vehicles, 2002 just over 22,000 vehicles (about 20% less than two years before).	Dies wird sehr gut durch die Zählstellen von Wünnewil und Bulle (Überlandstrecken) dokumentiert, an denen im Jahr 2000 im Tagesdurchschnitt rund 29'000 Fahrzeuge, 2002 nur noch gut 22'000 Fahrzeuge (rund 20 % weniger als zwei Jahre zuvor) gemessen wurden.	number_mismatch
2622	2008: Geisteswissenschaften International – Preis zur Förderung der Übersetzung geisteswissenschaftlicher Literatur for: Herrin des Hügels.	2008: Geisteswissenschaften International – Preis zur Förderung der Übersetzung geisteswissenschaftlicher Literatur für Herrin des Hügels.	lang_id
2626	But the oldest hobby horse of the museum is within a group of children on the Altar der Gertrudenbrüderschaft der Träger (around 1509), which originates from the circle of Henning von der Heyde.	Das älteste plastische Steckenpferd des Museums befindet sich jedoch in einer Kindergruppe auf dem Altar der Gertrudenbrüderschaft der Träger (um 1509) aus dem Umkreis von Henning von der Heyde.	lang_id
2636	Antonia Meiners: 100 Jahre KaDeWe.	Antonia Meiners: 100 Jahre KaDeWe.	lang_id
2643	Voyage au Congo.	Eine Reise durch den Kongo.	lang_id
2647	The previous record had been ten days for the Liberty ship Joseph M. Teal.	Der Bauzeitrekord für diese Schiffsklasse lag vorher bei 10 Tagen für die Joseph M. Teal.	number_mismatch
2651	Genesis II was launched on 28 June 2007, and there are plans for additional prototypes to be launched in preparation for the production model BA 330 spacecraft.	Genesis 2 wurde am 28. Juni 2007 gestartet, und es gibt Pläne für weitere Prototypen zur Vorbereitung der entfaltbaren Raumstation BA 330.	number_mismatch
2653	The Sword of Damocles.	Das Schwert des Damokles.	lang_id
2704	Mediakraft Networks was founded in September 2011 as a network of YouTubers for YouTubers and is regarded as leading German multi-channel network (MCN).	Mediakraft Networks wurde am 1. September 2011 als Netzwerk von YouTubern für YouTuber gegründet und galt 2014 als eines der größten deutschen Multi-Channel-Networks (MCN).	number_mismatch
2716	Marine Parks Authority NSW.	In: Marine Parks Authority NSW.	lang_id
2723	The concept of exponential families is credited to E. J. G. Pitman, G. Darmois, and B. O. Koopman in 1935–36.	Das Konzept der Exponentialfamilien geht zurück auf E. J. G. Pitman, G. Darmois, und B. O. Koopman (1935–6).	number_mismatch
2748	In 2008/2009, he played Peter Pan in Peter Pan The Musical by Teatro delle Erbe.	2008/2009 spielt er Peter Pan in Peter Pan The Musical von Teatro delle Erbe.	lang_id
2787	In 1986, KFC was sold to PepsiCo for $850 million.	1986 wurde KFC für 840 Millionen US-Dollar an PepsiCo verkauft.	number_mismatch
2804	On July 17, 2009, the White Bison Wellbriety Journey for Forgiveness made a stop in the Mount Pleasant community to recognize this part of the city's history.	76 Jahre später, am 17. Juli 2009, machte The White Bison Wellbriety Journey for Forgiveness Halt in Mount Pleasant, um an diesen Teil der Stadtgeschichte zu erinnern.	number_mismatch
2806	He starred, together with Fabrice Luchini, in Claude Lelouch's 1996 movie Hommes, femmes, mode d'emploi (Men, Women: A User's Manual).	Er spielte, zusammen mit Fabrice Luchini, in Claude Lelouchs Film Hommes, femmes, mode d’emploi (Männer, Frauen: Ein Handbuch) aus dem Jahr 1996.	lang_id
2847	J Environ Sci (China).	In: J Environ Sci (China).	lang_id
2849	In 1996 the US athlete Mary Decker failed a T/E test with a T/E ratio of greater than 6, the limit in force at the time.	Die US-amerikanische Athletin Mary Decker bestand 1996 einen T/E-Test nicht, da ihr T/E-Verhältnis bei mehr als 6:1 lag, dem damals gültigen Grenzwert.	number_mismatch
2862	Translinear Structures, Rudolf Polanszky, Andrea Schantl (Ed.), The Poetic Character of the Meaningless, Kerber Verlag, Bielefeld 2015.	Translineare Strukturen, Rudolf Polanszky, Andrea Schantl (Hrsg.), Der poetische Charakter des Bedeutungslosen, Kerber Verlag, Bielefeld 2015.	lang_id
2867	The origins of Baile Hill date back to 1068.	Die Ursprünge von Baile Hill gehen auf das Jahr 1068 zurück.	lang_id
2875	The charter contains 98 articles of which signatories must adopt a minimum of 35 (France signed 39).	Die Charta enthält 98 Artikel, von denen Unterzeichnerstaaten mindestens 35 akzeptieren müssen.	number_mismatch
2894	"""Mrs Henderson Presents""."	Siehe Mrs Henderson Presents.	lang_id
2900	Das Geheimnis des heiligen Berges.	Die Geheimnisse des heiligen Berges.	lang_id
2910	The third edition of the Great Soviet Encyclopedia (GSE) listed in 1979 the range with an elevation of 2,640 m (8,660 ft), no name was mentioned for the highest mountain.	Die dritte Auflage der Großen Sowjetischen Enzyklopädie (GSE) nannte 1979 für das Gebirge eine maximale Höhe von 2640 Metern, wobei für den höchsten Berg kein Name genannt wurde.	number_mismatch
2922	"""Uni/Blumhouse's 'Split' Is A Hit With High $39M To $40M+; 'Xander Cage' Falls Down""."	"Abgerufen am 17. Januar 2017.  ""Uni/Blumhouse’s 'Split' Is A Hit With High $39M To $40M+; 'Xander Cage' Falls Down."	number_mismatch
2950	"""HAUS des MEERES - Aqua Terra Zoo""."	Haus des Meeres - Aqua Terra Zoo - News.	lang_id
2952	1907) Fort Ruger (est.	1907) Fort Ruger (gegr.	lang_id
2966	In 1965, the photographer Don McCullin and journalist Andrew Alexander, spent 15 days on the island at the behest of The Daily Telegraph newspaper for which they worked.	1965 verbrachten der Fotograf Don McCullin und der Journalist Andrew Alexander im Auftrag der Zeitung Weekend Telegraph, für die sie arbeiteten, vierzehn Tage auf der Insel.	number_mismatch
2972	Hyenas (Hyaenidae).	Hyänen (Hyaenidae).	lang_id
2974	For the priests of the cult of Cleopatra III, see Koenen.	Für die Priester des Kultes der Kleopatra III. siehe Koenen.	lang_id
2982	In 2015, the Group announces the acquisition of two further banking licenses in Spain and France.	Ein Jahr später kündigt der Konzern den Erwerb zwei weiterer Banklizenzen in Spanien und Frankreich an.	number_mismatch
2983	In particular we note the struggle of the Oodua Peoples Congress (OPC), the Movement for the Survival of the Ogoni People (Mosop), Egi Women's Movement etc. 7.	Insbesondere erwähnen wir den Kampf der O’odua People’s Congress (OPC), Movement for the Survival of the Ogoni People (MOSOP), Egi Women’s Movement und so weiter.	number_mismatch
2987	Kuro-mame (黒豆), black soybeans.	Kuro-mame (黒豆), Schwarze Sojabohnen.	lang_id
3000	Günter Doose, Die separatistische Bewegung in Oberschlesien nach dem ersten Weltkrieg.	Günther Doose: Die separatistische Bewegung in Oberschlesien nach dem Ersten Weltkrieg.	lang_id
3018	Zeitschrift für Physik C Particles and Fields.	In: Zeitschrift für Physik C Particles and Fields.	lang_id
3024	In: Hempel, G., Hempel, I., Schiel, S., Faszination Meeresforschung, Ein oekologisches Lesebuch.	Aus: Hempel,G., Hempel, I., Schiel, S., Faszination Meeresforschung, Ein oekologisches Lesebuch.	lang_id
3059	From June 1882 onwards, Weimar drew for the Bichweiler'sche Kunstgewerbliche Anstalt in Hamburg.	Ab Juni 1882 zeichnete Weimar für die Bichweiler'sche Kunstgewerbliche Anstalt in Hamburg.	lang_id
3066	IMDB: Der Schwarze Freitag	IMDB-Eintrag: Der schwarze Freitag	lang_id
3068	Capitol is played in 4 rounds and each round is divided into 4 phases: Construction, Improvement, Scoring, and End phase.	Capitol wird in vier Runden gespielt, jede Runde ist in vier Phasen aufgeteilt: Aufbau, Verbesserung, Punkten und Endphase.	number_mismatch
3098	Power ; M {\displaystyle M} ..	Leistung ; M {\displaystyle M} ..	lang_id
3112	Confessions of an Heiress: A Tongue-in-Chic Peek Behind the Pose is a 2004 book co-written by Paris Hilton and Merle Ginsberg.	Confessions of an Heiress: A Tongue-in-Chic Peek Behind the Pose ist ein Buch, welches von Paris Hilton und Merle Ginsberg geschrieben wurde.	number_mismatch
3123	His innovations found the attention of Italian agricultural societies and the Société impériale et centrale d'agriculture.	Seine Neuerungen fanden die Beachtung italienischer Landwirtschaftsgesellschaften und der Société impériale et centrale d'agriculture.	lang_id
3159	During its annual general meeting in 2013, the association decided to change its name to “Chambre belge des Traducteurs et Interprètes” (CBTI)/“Belgische Kamer van Vertalers en Tolken” (BKVT).	2013 beschloss die Generalversammlung den Namen des Verbandes in Chambre belge des Traducteurs et Interprètes / Belgische Kamer van Vertalers en Tolken (CBTI/BKTV) zu ändern.	lang_id
3164	E. B. “, in Dresden.	E. B.“ – in Dresden zusammengefasst.	lang_id
3168	He is since 2008 overall editor of the ten-volume Enzyklopädie des Europarechts.	Er ist seit 2008 Gesamtschriftleiter der zehnbändigen Enzyklopädie des Europarechts.	lang_id
3194	In: Dmitry Fuchs (ed.): Unconventional Lie Algebras (= Advances in Soviet Mathematics. vol.	In: Dmitry Fuchs (Hrsg.): Unconventional Lie Algebras (= Advances in Soviet Mathematics.	lang_id
3195	"""Return to Krondor""."	Rückkehr nach Krondor (engl.	lang_id
3216	The exact dating of the mosque is uncertain, but it was probably built in the period 1550–60, most likely in the late 1550s.	Die exakte Datierung ist ungewiss, doch wurde die Moschee wahrscheinlich in der Periode von 1550 bis 1560 gebaut, höchstwahrscheinlich in den späten 1550er Jahren.	number_mismatch
3225	Das Kloster Zuckau und seine Umgebungen während des 13. und 14.	Theodor Hirsch: Das Kloster Zuckau und seine Umgebungen während des 13. und 14. Jahrhunderts.	lang_id
3246	9 vols., 1984/5 with Philippe Ciarlet: Handbook of numerical analysis.	9 Bände, 1984/5 Mit Philippe Ciarlet: Handbook of numerical analysis.	lang_id
3251	Willie Sutton, who robbed 100 banks from the late 1920s to 1952.	Willie Sutton, Bankräuber, der zwischen den 1920ern und 1952 100 Banken ausgeraubt hat.	number_mismatch
3254	"According to official sources, there were 150 ""extremist groups"" with over 5000 members in Russia in 2006."	Nach offiziellen Quellen gibt es 150 „extremistische Gruppen“ mit mehr als 5000 Mitgliedern in Russland.	number_mismatch
3255	Galán de Mera, A., M. A. Hagen & J. A. Vicente Orellana (1999) Aerophyte, a New Life Form in Raunkiaer's Classification?	Mit Illustration. (deutsch) Galán de Mera, A., M. A. Hagen & J. A. Vicente Orellana (1999) Aerophyte, a New Life Form in Raunkiær's Classification?	lang_id
3257	SDI | TDI | ERDI.	In: SDI | TDI | ERDI.	lang_id
3259	Bernhard Stier and Martin Krauß: Drei Wurzeln – ein Unternehmen.	Bernhard Stier und Martin Krauß: Drei Wurzeln – ein Unternehmen.	lang_id
3261	Chicago Inter-Ocean.	In: Chicago Inter-Ocean.	lang_id
3273	Peloton Watch.	In: Peloton Watch.	lang_id
3275	"For instance exercises like ""track chess"" and ""stair chess"" in which training partners will play an 18-minute game of speed chess over six rounds with intensive running exercises in between, such as 400-meter sprints or stair sprints."	So können zum Beispiel Übungen wie „track chess“ oder „stair chess“ trainiert werden, bei denen die zwei Trainingspartner eine 18- minütige Schnellschachpartie über 6 Runden spielen und zwischen den Schachrunden jeweils intensive Laufübungen wie 400 m Sprints oder Treppensprints mit maximaler Intensität absolvieren.	number_mismatch
3277	The water of this source is said to have been given special powers, since in the nineteenth century an almost blind woodsman was beginning to see better with this water by washing his eyes.	Dem Wasser dieser Quelle werden besondere Kräfte nachgesagt, seit im 19. Jahrhundert ein fast blinder Holzknecht durch das Waschen seiner Augen mit diesem Wasser wieder besser zu sehen begonnen haben soll.	number_mismatch
3283	"Was Grice mit ""Meinen"" meint - Eine Rekonstruktion der Griceschen Analyse rationaler Kommunikation, Forschungsberichte des IPK der Universität München 8, 1977, 121-166."	"Was Grice mit ""Meinen"" meint - Eine Rekonstruktion der Griceschen Analyse rationaler Kommunikation, Forschungsberichte des IPK der Universität München 8, 1977, 121–166."	lang_id
3306	Solid-State Circuits, IEEE Journal of.	In: Solid-State Circuits, IEEE Journal of.	lang_id
3312	London 1712 German translation: Zwey Bücher von der Türkischen oder Mohammedischen Religion.	Londen 1712 Deutsch übersetzt: Zwey Bücher von der Türkischen oder Mohammedischen Religion.	lang_id
3333	106 “Hammerklavier”).	106 („Hammerklaviersonate“) voraus.	lang_id
3339	Indonesia has 265,500 km2 of peatland, which comprises 13.9% of its land area.	Indonesien hat 265.500 km² Moore, die 13,9 % seiner Landfläche umfassen.	number_mismatch
3344	Fuchs is keen to emphasize the passivity of man.	Fuchs ist sehr daran gelegen, die Passivität des Menschen hervorzuheben.	lang_id
3354	In: Publizistik Nr. 60, pp. 318-320. “…ein großartiges Buch” – Pressestimmen zum “entfesselten Skandal” (Herbert von Halem Verlag 24-2.2012) Skandal für alle!	In: Publizistik Nr. 60, S. 318–320. “…ein großartiges Buch” – Pressestimmen zum “entfesselten Skandal” ( Herbert von Halem Verlag 24-2.2012) Skandal für alle!	lang_id
3356	This version of events was written in the north of England some fifty years later and has suspicious similarities with details about the Battle of Stirling Bridge in Scotland.	Diese Version wurde 50 Jahre später in Nordengland aufgeschrieben und weist verdächtige Parallelen zu der Geschichte über die Schlacht von Stirling Bridge in Schottland auf.	number_mismatch
3359	The magazine consists of 132 pages, commercial advertisements forming 35% to 40% of the magazine.	Das Magazin besteht aus mindestens 128 Seiten, Werbung macht 30 % bis 35 % des Magazins aus.	number_mismatch
3368	Klasse 4 (1913) 1-31. (the single source of most of the lurid XX century stories of this papal election).	Klasse 4 (1913) 1–31. (die einzige Quelle der meisten der grellen Geschichten aus 20 Jahrhunderten Papstwahl). (online).	number_mismatch
3372	"Melanie Reid, in her review of 12 Rules for Life for The Times, says the book is ""aimed at teenagers, millennials and young parents""."	Melanie Reid schrieb in ihrer Rezension für die Times, dass das Buch „auf Jugendliche, Millennials und junge Eltern gerichtet ist“.	number_mismatch
3379	Nintendo Enthusiast.	In: Nintendo Enthusiast.	lang_id
3382	Elfriede Schick: Die Martin-Luther-Kirche in Neulautern und die Auferstehungskapelle in Stocksberg.	Nr. 13, 1963 (online).  Elfriede Schick: Die Martin-Luther-Kirche in Neulautern und die Auferstehungskapelle in Stocksberg.	lang_id;number_mismatch
3387	From 2009 to 2010, Humm was CRO (Chief Regional Officer) and a member of the Executive Committee of T-Mobile International.	Humm war von 2008 bis 2010 Chief Regional Officer (CRO) und Mitglied des Executive Committee der T-Mobile International.	number_mismatch
3393	Have I just written sacred music, or rather, sacrilegious music?	Ist es wirklich heilige Musik (musique sacrée) oder doch vermaledeite Musik (sacrée musique)?	lang_id
3417	Albert Gallatin, the main American negotiator, had previously instructed to have a tentative agreement by the convening of the 3rd session of the 15th United States Congress, set for 16 November.	Albert Gallatin, der wichtigste Verhandler der Amerikaner, war zuvor instruiert worden, bis zum Zusammentreten der dritten Sitzung des 15. Kongresses, die für den 16. November angesetzt war, ein vorläufiges Abkommen vorzulegen.	number_mismatch
3441	Spitzer Multimedia Features.	In: Spitzer Multimedia Features.	lang_id
3467	The members of the Belop association (German Begleitung der Eltern während der Operation ihres Kindes) takes care of parents, whose children are in surgery.	Die Mitglieder des Vereins Belop (Begleitung der Eltern während der Operation ihres Kindes) kümmern sich um Eltern, deren Kinder gerade operiert werden.	lang_id
3471	It's yucky.	It’s yucky.	lang_id
3483	Herregodts, Dieter.	Gütt, Dieter.	lang_id
3492	Joachim consequently withdrew to the desert, where he fasted and did penance for forty days.	Joachim zieht sich daraufhin in die Wüste zurück, wo er 40 Tage lang fastet und Buße tut.	number_mismatch
3504	In 1955 and 1956, the high choir (N), the altar room (L) and the east transept were reorganised liturgically according to the plans of Emil Steffann.	In den Jahren 1955/56 wurden der Hochchor (N), der Altarraum (L) und das Ostquerschiff nach Entwürfen von Emil Steffann liturgisch neu geordnet.	number_mismatch
3521	With the emergence of queer theory around the 1980s and the 1990s and the questioning of the heteronormativity and the gender binary, this kind of domination is not only described in terms of sex or gender (the predominance of men over woman, or the masculine over the feminine) but also in terms of sexuality (the heteronormativity, or the heterosexuality above other sexual orientations and the cisgender over other identities).	Laut der Queeren Theorie auf den 1970er und 1980er Jahren und der in Frage Stellung der Zwangsheterosexualität und der Geschlechtsbinarität wird diese Herrschaft nicht nur in Bezug auf Geschlecht (die Vorherrschaft von Männern über Frauen oder männlich über weiblich), sondern auch in Bezug auf Sexualität (Heteronormativität oder Heterosexualität über andere sexuelle Orientierungen und die Cisgender über andere Geschlechts-Identitäten) verstanden.	number_mismatch
3534	Seine Eltern, die 1945 heirateten, kamen aus unterschiedlichen Bildungsschichten.	Haiders Eltern, die 1945 heirateten, kamen aus unterschiedlichen Bildungsschichten.	lang_id
3567	In December, on the advice of Father Couturier, he goes to Marseille to photograph the Unité d'Habitation of Le Corbusier.	Auf Pater Couturiers Anraten hin begab er sich im Dezember nach Marseille und fotografierte die Unité d’Habitation von Le Corbusier.	lang_id
3624	2002, July 3 (№ 190).	2002, am 3. Juli (№ 190).	lang_id
3627	The center is a non-profit-partner of 1% for the planet and a member of The Wild North.	Der Ökotourismus wird besonders gefördert und das Zentrum ist ein Non-Profit-Partner der Organisation One Percent for the Planet und Mitglied der Initiative The Wild North.	number_mismatch
3631	In 1951 he premiered Vagn Holmboe's 7th Symphony with the Danish Radio Symphony Orchestra.	1951 dirigierte er die Uraufführung von Vagn Holmboes siebter Sinfonie mit dem Danish Radio Symphony Orchestra.	number_mismatch
3641	(Originally published as, A History of Western Tibet, 1907).	(Ursprünglich veröffentlicht als A History of Western Tibet.	number_mismatch
3647	In 1963, Raisner created a German-French co-production, Rendez-vous sur le Rhin, which will soon evolve to include 7 European countries to be renamed 'Europarty'.	"1963 gründete Raisner eine deutsch-französische Koproduktion, das 'Rendezvous sur le Rhin', das bald in sieben europäische Ländern in ""Europarty"" umbenannt werden sollte."	number_mismatch
3650	Road safety status of Ethiopia.	In: Road safety status of Ethiopia.	lang_id
3657	This initiative led to the foundation of the Gilde van Vrijwillige Molenaars in 1972.	Diese Initiative führte 1972 zur Gründung der Gilde van Vrijwillige Molenaars.	lang_id
3660	Hermann, Paris 1975–1987; English translation, Probabilities and Potential.	4 Bände, Hermann, Paris 1975–1987, englische Übersetzung: Probabilities and Potential.	number_mismatch
3704	"During the 1990s, the names ""St. Philip's Boy Choir"" and ""Angel Voices"" were both used to refer to the choir."	In den 90er Jahren wurden die Namen „St. Philip’s Boys Choir“ und „Angel Voices“ gleichermaßen für den Chor benutzt.	number_mismatch
3708	Dose-response : a Publication of International Hormesis Society.	In: Dose-response : a publication of International Hormesis Society.	lang_id
3711	The 180 Fox markets, in which remaindered goods from Karstadt and Quelle were sold, were closed at the end of 2007.	Die 180 Fox-Märkte, in denen Restmengen von Karstadt und Quelle verkauft wurden, wurden zur Jahreswende 2007/2008 geschlossen.	number_mismatch
3714	1959, reprint 1971 Falck - Fyner (voran: Faistenberger).	1959, Nachdruck 1971 Falck – Fyner (voran: Faistenberger).	lang_id
3741	It was first published in 1978 by the Simon & Schuster imprint Atheneum Books, followed by a 1982 trade paperback edition from sister company Aladdin Paperbacks.	Es wurde zuerst 1978 von dem Simon & Schuster-Verlag Atheneum Books veröffentlicht, gefolgt von einer im Jahre 1984 erschienenen Trade-Paperback-Ausgabe von dem Schwesterunternehmen Aladdin Paperbacks.	number_mismatch
3744	Northern Clinics of Istanbul.	In: Northern clinics of Istanbul.	lang_id
3747	Kann, Bettina: Die österreichische Brasilienexpedition 1817 - 1836 to unter to besonderer Berücksichtigung to give ethnographischen Ergebnisse.	Bettina Kann: Die österreichische Brasilienexpedition 1817–1836 unter besonderer Berücksichtigung der ethnographischen Ergebnisse.	lang_id
3748	"Its name is reminiscent of the time, when the Fischmeistergut was still ""imperial-high Forst ärar ""."	Sein Name erinnert an die Zeit, als das Fischmeistergut noch „Kaiserlich-hohes Forstärar“ war.	lang_id
3759	Early Hum Dev.	In: Early Hum Dev.	lang_id
3761	Bernard Harrison, Haydn: The 'Paris' Symphonies.	Bernard Harrison: Haydn: The „Paris“ Symphonies.	lang_id
3778	After leaving the Philippines in 1948, he served as an instructor at the Strategic Intelligence School at Lowry Air Force Base, Colorado, where he received a temporary promotion to lieutenant colonel in 1949.	Nachdem er die Philippinen verlassen hatte, diente er als Dozent an der Strategic Intelligence School in der Lowry Air Force Base, Colorado, wo er 1949 eine zeitweilige Beförderung zum Oberstleutnant erhielt.	number_mismatch
3793	Scene 1 The unnamed captain of the MS Achille Lauro recalls the events of the hijacking.	Der namenlose Kapitän der MS Achille Lauro erinnert sich an die Entführung.	number_mismatch
3804	From 1963 until 1965, Australia was Toyota's biggest export market.	Zwischen 1963 und 1966 war Australien der wichtigste Auslandsmarkt für Toyota.	number_mismatch
3810	Maxim of Relation: Relevance Be relevant.	Maxime der Relation: Sei Relevant!	lang_id
3822	In the nineteenth century, Nicholas Stark und Peter Paul Dollinger began a collection based on local history.	Bereits im 19. Jahrhundert begründeten Nikolaus Stark und Peter Paul Dollinger eine lokalhistorische Sammlung.	number_mismatch
3834	Video: Denise and Eric Kandel: E-Cigarettes May Promote Illicit Drug Use and Addiction, Columbia University News, September 2, 2014 (accessed May 23, 2016).	Video: Denise and Eric Kandel: E-Cigarettes May Promote Illicit Drug Use and Addiction, Columbia University News, 2. September 2014 (abgerufen am 14. Mai 2016).	lang_id;number_mismatch
3835	Fellow MEP Hans-Peter Martin claimed to have caught 194 colleagues receiving the European Parliament's attendance allowance.	Der Europaabgeordnete Hans-Peter Martin gab an, dass 195 seiner Kollegen die Teilnahmevergütung des Europäischen Parlaments (European Parliament's attendance allowance) erhalten hätten.	number_mismatch
3850	More than 10% of the hamsters kept in the first winter develop the summer coat.	Mehr als zehn Prozent der Hamster behalten im ersten Winter das Sommerfell bei.	number_mismatch
3862	Markus Bolsinger, Jürgen Lewandowski, Harry Niemann: 50 Years Mercedes-Benz 300 SL.	Markus Bolsinger, Jürgen Lewandowski, Harry Niemann: 50 Jahre Mercedes-Benz 300 SL.	lang_id
3874	Winner of Best Feature at Weekend of Fear Festival in Nuremberg, Germany.	Gewinner des Best Feature am Weekend of Fear Festival in Nürnberg, Deutschland.	lang_id
3905	"""Alois Nebel""."	Alois Nebel.	lang_id
3906	Washington's answer to this and two other letters of apology written by Nicola on May 24 and 28 are not known.	Antworten Washingtons auf diesen und zwei weitere Entschuldigungsbriefe Nicolas vom 24. und 28. Mai 1782 sind nicht überliefert.	number_mismatch
3911	Ernst Bäumler, Die Rotfabriker – Familiengeschichte eines Weltunternehmens (Hoechst), Piper 1988, pp. 277 f., Geschichte der Chemie in Frankfurt.	Ernst Bäumler, Die Rotfabriker – Familiengeschichte eines Weltunternehmens (Hoechst), Piper 1988, S. 277 f., Geschichte der Chemie in Frankfurt.	lang_id
3914	Kumeuaua djungels son, Swedish translation by Leif Nordenstorm, Boden 1987, 68 pages.	Kumeuaua djungels son. schwedische Übersetzung von Leif Nordenstorm, Boden 1987.	number_mismatch
3918	Bigger, Better, Faster, More! is the only studio album released by alternative rock band 4 Non Blondes, released in 1992.	Bigger, Better, Faster, More! ist das erste und einzige veröffentlichte Album der Alternative-Band 4 Non Blondes.	number_mismatch
3920	"""NieR Automata: Unser Interview mit Yosuke Saito""."	Ruben: NieR Automata: Unser Interview mit Yosuke Saito.	lang_id
3921	Rapid7 Blog.	In: Rapid7 Blog.	lang_id
3947	After graduating from college in 1998, Vaynerchuk assumed day-to-day control of his father's Springfield, New Jersey store, Shopper's Discount Liquors.	Nachdem er das College im Jahr 1999 abgeschlossen hatte, übernahm Vaynerchuk die täglichen Geschäfte des Ladens seines Vaters in Springfield, New Jersey, dem Shopper’s Discount Liquors.	number_mismatch
3956	The second World Internet Conference releases the Wuzhen Initiative, which calls on all countries to promote Internet development, foster cultural diversity in cyber space, share the fruits of Internet development, ensure peace and security in cyber space, and improve global Internet governance.	Die zweite Welt-Internet-Konferenz (2015) gab die Wuzhen-Initiative heraus, die alle Länder auffordert, die Internet-Entwicklung zu fördern, die kulturelle Vielfalt im Cyber-Raum zu fördern, die Früchte der Internet-Entwicklung zu teilen, Frieden und Sicherheit im Cyber-Raum zu gewährleisten und die globale Internet-Governance zu verbessern.	number_mismatch
3978	New York 1945 (with Albert Norden and Gerhart Eisler) Zur Geschichte der deutschen Aussenpolitik, 1871–1945.	New York 1945 (gemeinsam mit Albert Norden und Gerhart Eisler) Zur Geschichte der deutschen Aussenpolitik, 1871–1945.	lang_id
3981	In the last three decades of the 19th century the 3rd Earl Brownlow spent much time and money restoring Belton, and consequently the house entered the 20th century in a good state of repair and preservation.	In den letzten drei Dekaden des 19. Jahrhunderts wendete der 3. Earl Brownlow viel Zeit und Geld für die Restaurierung von Belton House auf und so war das Herrenhaus zur Jahrhundertwende in gutem Zustand.	number_mismatch
3983	In 1295, the Sicilian Parliament met here.	Im Jahre 1296 tagte hier das sizilianische Parlament.	number_mismatch
4013	268-277 and the suite Durch Feld und Wald, op.	268–277 und die Suite Durch Feld und Wald op.	lang_id
4046	"For more info, see "" Tudou now bigger than Youtube?"""	"Youku war vor der Fusion auf Platz 11. Tudou Website "" Tudou now bigger than Youtube?"""	number_mismatch
4064	Since the middle of 70s, he has worked with the composer Thomas Pernes.	Seit Mitte der 1970er Jahre arbeitete er mit dem Komponisten Thomas Pernes zusammen.	number_mismatch
4072	"For example, the main character of ""Farm for Dead Owls"" is a 30-year-old man-child who only talks to dolls."	Der Protagonist von Die Farm der toten Eulen (죽은 올빼미 농장) zum Beispiel ist ein dreißigjähriger Mann, der nur mit Puppen redet.	number_mismatch
4084	UK Games Expo.	In: UK Games Expo.	lang_id
4085	"(Club RMX Radio 4Play) – 3:58 European CD maxi single ""Let's Get Back to Bed – Boy!"""	(Club RMX Radio 4Play) (3:58) Europäische Maxi-Single Let’s Get Back to Bed – Boy!	lang_id
4094	II, 2nd to 7th Positions, and Vol.	II: Zweite bis siebte Lage sowie Vol.	number_mismatch
4095	Munich 1995 Die rote Turnhose und andere Fahnengeschichten.	(Erstauflage München 1995) Die rote Turnhose und andere Fahnengeschichten.	lang_id
4115	"""Senior FCA Exec Confirms Mazda MX-5 Platform For New Fiat-Abarth Model""."	FCA Führungskraft bestätigt Mazda MX5 Platform für neues Fiat Abarth Modell.	lang_id
4132	2006 Documentary by Granada Bristol for National Geographic Channel on railroad safety Danger Ahead!	Dokumentation der Granada Bristol für den National Geographic Channel über Sicherheit bei der Eisenbahn.	number_mismatch
4141	He is a pioneer of sustainable crop production through the application of the green gene technology and genome editing (CRISPR/Cas9 method) as a way to reduce the use of pesticides.	Er ist ein Vorkämpfer für eine nachhaltige Pflanzenproduktion durch die Anwendung der Grünen Gentechnik und des Genome Editings (CRISPR/Cas-Methode) als eine Möglichkeit zur Verringerung des Einsatzes von Pestiziden.	number_mismatch
4143	"""Vom Alt-Nazi zum führenden SED-Funktionär"" (in German)."	Vom Alt-Nazi zum führenden SED-Funktionär.	lang_id
4146	Qualibou, also known as the Soufrière Volcanic Centre is a 3.5 X 5 km wide caldera on the island of Saint Lucia that formed approximately 32-39,000 years ago.	f w1 Qualibou (auch: Soufrière Volcanic Centre) ist eine 3.5 × 5 km große Caldera auf der Insel Saint Lucia, die vor ca. 32–39.000 Jahren entstanden ist.	number_mismatch
4153	ICARE is the third Sino-European institute being created in China after the China-EU International Business School in Shanghai in 1994 (as China-EC Management Institute) and the China-EU School of Law in Beijing in 2008.	Das ICARE ist das dritte chinesisch-europäische Institut, das in China geschaffen wurde, nach der China-EU International Business School in Shanghai im Jahr 1984 (als China-EC Management Institute) und der China-EU School of Law in Peking, gegründet 2008.	number_mismatch
4178	From January 1929 to November 1930 was called Literature and Art.	Zwischen Januar 1929 und 2. November 1929 trug die Zeitung den Namen Literatur und Kunst.	number_mismatch
4203	"Becker, Joachim: Aus ""de grise Gegend"" von Mecklenburg-Schwerin, Verl."	Becker, Joachim: Aus „de grise Gegend“ von Mecklenburg-Schwerin, Verl.	lang_id
4211	He had a sister some 12 years younger with whom he had a close friendship until she died in 1929.	Er hatte eine zwölf Jahre jüngere Schwester, mit der er bis zu ihrem Tod 1929 eng verbunden war.	number_mismatch
4228	It is the third installment in the Mission: Impossible film series, following 2000's Mission: Impossible 2.	Es handelt sich um den dritten Teil innerhalb der Mission-Impossible-Filmreihe und um den Nachfolger von Mission: Impossible II aus dem Jahr 2000.	number_mismatch
4233	"In 1992 Weber had his first #1 hit in the US with singer Chaka Khan (""Love you all my lifetime"")."	1992 konnte Weber seinen ersten Nummer 1 und Nummer 2 Hit in den amerikanischen Hitparaden mit der Sängerin Chaka Khan verzeichnen („Love you all my Lifetime“).	number_mismatch
4242	Not one life was lost while he served as lifeguard of Waimea Bay, as he braved waves that often reached 30 feet (9.1 m) high or more.	Nicht ein Leben ging verloren, solange er als Rettungsschwimmer in Waimea Bay arbeitete, da er selbst Wellen mit einer Höhe von 10 m (30 ft) und mehr nicht scheute.	number_mismatch
4247	Jacob Petersen manages an Indian orphanage.	Jacob Petersen leitet ein Waisenhaus in Indien.	lang_id
4252	"This aided the French ""for a cavalry corps commanded by Monsieur de Cervon and part of the militia only arrived at Châteaulin at 9 o'clock""."	Dies kam den Franzosen insoweit zupass, als „ein Kavallerie-Korps, befehligt von Monsieur de Cervon, und ein Teil der Miliz bei Châteaulin um 9:00 Uhr ankommen (konnte)“.	number_mismatch
4274	Nathusius, Ingo: Am rechten rand der Union.	Ingo Nathusius: Am rechten Rand der Union.	lang_id
4282	"""Love That Girl!"	(Liebe das Mädchen!)	lang_id
4299	"During the war, Cessna became the first of Wichita's planemakers to win the Army-Navy ""E"" Award, an award for excellence given to only 3% of U.S. defense contractors."	Während des Zweiten Weltkriegs gewann Cessna als erster der Flugzeughersteller aus Wichita den Army-Navy „E“ Award, der lediglich drei Prozent der Vertragspartner des US-Militärs verliehen wurde.	number_mismatch
4307	In: Thomas O'Connor, Mary Ann Lyons (ed.): The Ulster earls and baroque Europe : Refashioning Irish identities, 1600 - 1800.	In: Thomas O’Connor, Mary Ann Lyons (Hrsg.): The Ulster earls and baroque Europe : Refashioning Irish identities, 1600–1800.	lang_id
4310	Of these, 36% were female and 64% were male with an age range from 1 to 71 years.	Von diesen waren 36 % Weiblich und 64 % Männlich bei einer Altersspanne von Einem bis 71 Jahren.	number_mismatch
4320	Dr. Douglas Schreck: Junior Soprano's cardiologist.	Dr. Douglas Schreck: Junior Sopranos Kardiologe.	lang_id
4321	Die Industrialisierung europäischer Montanregionen im 19.	In: Die Industrialisierung europäischer Montanregionen im 19. Jahrhundert.	lang_id
4354	Retrieved 2018-10-22. reserved., (c) 2003-2013 Donau-Universität Krems - Universität für Weiterbildung.	Abgerufen am 18. August 2018.  (c) 2003-2013 Donau-Universität Krems - Universität für Weiterbildung.	lang_id;number_mismatch
4359	Weisz, L.: Die Werdmüller.	L. Weisz: Die Werdmüller.	lang_id
4361	They dominated the traffic at St. Joseph for more than 100 years, although other smaller companies did operate during this time.	Sie dominierten den Schiffsverkehr in St. Joseph für über hundert Jahre, obwohl auch kleinere Unternehmen während dieser Zeit Schiffsverkehr durchführten.	number_mismatch
4388	"""Why Don't We Fall in Love"" 02."	Why Don’t We Fall In Love 02.	lang_id
4397	"""DSCOVR: Deep Space Climate Observatory""."	In: DSCOVR: Deep Space Climate Observatory.	lang_id
4401	Lagasse, Lea.	Sorge dich nicht, lese!	lang_id
4420	Prudentius, Contra Symmachum - Gegen Symmachus.	Prudentius: Contra Symmachum.	lang_id
4430	In March 1942, 10 USAAC P-36As were transferred to Brazil.	Im März 1942 wurden zehn USAAC P-36A nach Brasilien überführt.	number_mismatch
4435	2003: Center for Ecology ( Venezuela) and Peter Johan Schei ( Norway).	2003: Center for Ecology (Venezuela) und Peter Johan Schei (Norwegen).	lang_id
4464	"""Don't Come Cryin' to Me"" (Gill, Reed Nielsen) - 3:06 feat."	Don’t Come Cryin’ to Me (Gill, Reed Nielsen) – 3:06 feat.	lang_id
4466	The Neue Philharmonie Frankfurt, established in 1996, is beside its work as a classical symphony orchestra one of the leading crossover orchestras in Europe.	Die Neue Philharmonie Frankfurt, 1999 in Hanau gegründet, ist neben ihrer Arbeit als klassisches Sinfonieorchester eines der führenden Crossover-Orchester in Europa.	number_mismatch
4525	Retrieved November 2, 2010 (in German) Dirk Ulf Stötzel, Das Magazin „Die Sendung mit der Maus“: Analyse einer Redaktions- und Sendungskonzeption.	Abgerufen 29. Oktober 2013 Dirk Ulf Stötzel.: Das Magazin „Die Sendung mit der Maus“ : Analyse einer Redaktions- und Sendungskonzeption.	lang_id;number_mismatch
4537	In all, 84 people were killed: 75 at Couronnes, seven at Ménilmontant, and two who tried to escape through the tunnel.	84 Menschen starben: 75 in Couronnes, 7 in Ménilmontant und 2, die versucht hatten, über diesen Weg zu entkommen, im Tunnel.	number_mismatch
4563	Cancer Prev Res (Phila).	In: Cancer Prev Res (Phila).	lang_id
4582	Over 7,000 candidates competed in 222 constituencies for the Assembly's 444 elected seats.	Über 7000 Kandidaten traten in 22 Wahlkreisen für die 444 gewählten Sitze der Versammlung an.	number_mismatch
4592	In November 1939, Australia and New Zealand were given reassurances that Singapore would not be allowed to fall, and that in the event of war with Japan, the defence of the Far East would take priority over the Mediterranean.	Im November erhielten Australien und Neuseeland die Versicherung, der Fall Singapurs müsse auf jeden Fall verhindert werden und im Fall eines Krieges mit Japan erhielte die Verteidigung des Fernen Ostens den Vorrang vor jener des Mittelmeers.	number_mismatch
4600	At the end of the 90s Gloystein was Member of the Board of the European Banking Association and the German Member of the Maas-Commission, which was formed by the European Commission for the technical preparation of the European Monetary Union.	Ende der 1990er Jahre war Gloystein Mitglied des Vorstands des Europäischen Bankenverbandes und deutsches Mitglied der Maas-Kommission, die von der Europäischen Kommission zur technischen Vorbereitung der Europäischen Währungsunion eingesetzt wurde.	number_mismatch
4636	OCG-Journal 1/2015: Nachruf auf Peter Lucas Journal der Österreichischen Computer Gesellschaft (OCG), Ausgabe 1/2015, retrieved 29 September 2015.	OCG-Journal 1/2015: Nachruf auf Peter Lucas Journal der Österreichischen Computer Gesellschaft (OCG), Ausgabe 1/2015, abgerufen am 29. September 2015.	lang_id
4653	1965 saw the founding of the Association of Friends and Supporters of Wilhelma.	1956 wurde der Verein der Freunde und Förderer der Wilhelma gegründet.	number_mismatch
4675	Ukrpryroda’s organizational system includes 10 national and 140 regional thematic sections.	Das organisatorische System der UkrTOP umfasst zehn nationale und 140 regionale thematische Sektionen.	number_mismatch
4683	"On 15 March 1933 Straffner tried to withdraw his resignation and reconvene the parliamentary session but Dollfuss had ordered the police to prevent this ""undeclared meeting"" ( „nicht angemeldete Versammlung“) or to disperse it if it occurred, even though many members of the Greater German and Social Democrat parties were already present in the chamber."	Am 15. März 1933 versuchte Straffner, unter Widerruf seines Rücktritts die am 4. März ohne formelle Schließung beendete Nationalratssitzung wieder aufzunehmen; Dollfuß hatte aber der Polizei befohlen, diese „nicht angemeldete Versammlung“ zu verhindern bzw. zu zerstreuen, obwohl viele Abgeordnete der Großdeutschen und der Sozialdemokraten bereits im Sitzungssaal anwesend waren.	number_mismatch
4700	Contributions of the Astronomical Observatory Skalnaté Pleso.	In: Contributions of the Astronomical Observatory Skalnaté Pleso.	lang_id
4703	Saint Joseph CT.	In: Saint Joseph CT.	lang_id
4704	Union Generela di Ladins dla Dolomites.	Sie wird von der Union Generela di Ladins dla Dolomites herausgegeben.	lang_id
4711	Exxon spent US$2 billion on cleaning up in the first year alone.	Exxon zahlte allein im ersten Jahr zwei Milliarden Dollar zur Reinigung.	number_mismatch
4742	"At age 15, she had her first number-one hit with the song, ""Kwong Ying Zi Gan"" in Taiwan."	"Im Alter von 15 Jahren hatte sie ihren ersten Nr. 1 Hit mit dem Lied ""Kwong Ying Zi Gan"" in Taiwan."	number_mismatch
4758	"Norbert Lossau: ""Abschied von Elfie Wörner."""	Norbert Lossau: Abschied von Elfie Wörner.	lang_id
4761	"The complex has belonged to the Dutch Hockey Association (""Koninklijke Nederlandse Hockey Bond"") since 1980."	Der Komplex gehört seit 1980 dem niederländischen Hockey-Bund („Koninklijke Nederlandse Hockey Bond“).	lang_id
4784	1985: The HHMI sold Hughes Aircraft to General Motors for $5.2 billion.	1985: Das HHMI verkauft Hughes Aircraft an General Motors für 5 Milliarden US-Dollar.	number_mismatch
4785	"""""Unser Star für Baku"": Thomas D neuer Jury-Präsident""."	"""Unser Star für Baku"": Thomas D wird Jurypräsident."	lang_id
4792	"In March 2007, Moondance was listed as number seventy-two on the NARM Rock and Roll Hall of Fame list of the ""Definitive 200""."	Im März 2007 war Moondance als Platz 72 auf der NARM Rock and Roll Hall of Fame Liste der „Definitive 200“ aufgeführt.	number_mismatch
4795	8 single channels 2015: Bouchra KHALILI - Foreign Office.	Video Installation, acht einzelne Kanäle 2015: Bouchra KHALILI – Foreign Office.	lang_id;number_mismatch
4813	Today the following 29 Latin letters are used.	Somit werden heute folgende 28 lateinische Buchstaben verwendet.	number_mismatch
4846	(Geology).	(Geologie).	lang_id
4850	During its 5-year term, the Endara government struggled to meet the public's high expectations.	Während seiner fünfjährigen Amtszeit scheiterte die Endara-Regierung an den hohen Erwartungen des Volkes.	number_mismatch
4851	69 (1950), libretto by Elizabeth MacKenzie and William Congreve Drei gemischte Chöre, op.	69 (1950), Libretto von Elizabeth MacKenzie und William Congreve Drei gemischte Chöre, op.	lang_id
4873	The small Georgian house and the small portico on the west wing were demolished and the house was increased to eleven bays.	Das kleine georgianische Haus und der kleine Portikus am Westflügel wurden abgerissen und das Haus auf 11 Joche erweitert.	number_mismatch
4878	Leipzig, 1882, pp. 155 (online) Reinhard Pilkmann-Pohl: Plattdeutsches Wörterbuch des kurkölnischen Sauerlandes.	Leipzig, 1882, S. 155 (online) Reinhard Pilkmann-Pohl: Plattdeutsches Wörterbuch des kurkölnischen Sauerlandes.	lang_id
4883	Günter Schenk: Die Mainzer Johannisnacht. in: Mainz.	Günter Schenk: Die Mainzer Johannisnacht.	lang_id
4891	As of 2013, the concept study was funded by DLR's internal resources, as well as in the context of EU-FP7 funded projects such as FAST20XX and CHATT.	Zurzeit wird die Entwicklung des Konzepts durch DLR-interne Mittel sowie im Rahmen von EU-geförderten FP7-Projekten wie FAST20XX und CHATT finanziert.	number_mismatch
4903	Less than twenty years later, in 1974, the new manor which was confusingly constructed on the site of the former Killarney House by Mrs. Grosvenor in 1956 was replaced.	Weniger als 20 Jahre später, 1974, wurde das neue Landhaus, das Mrs. Grosvenor 1956 verwirrenderweise auf dem Gelände des früheren Killarney House errichten ließ, ersetzt.	number_mismatch
4911	"""Das leckt die Kuh nicht ab - ""Zufällige Gedanken"" zu Schriftlichkeit und Erinnerungskultur der Strafgerichtsbarkeit""."	Klaus Graf: Das leckt die Kuh nicht ab – „Zufällige Gedanken“ zu Schriftlichkeit und Erinnerungskultur der Strafgerichtsbarkeit.	lang_id
4935	A fifty-three piece set called Teddy Roosevelt's Adventures in Africa was also made, based on the Smithsonian–Roosevelt African Expedition.	Ein aus 53 Stücken bestehendes Set namens Teddy Roosevelt's Adventures in Africa kam ebenfalls auf den Markt, basierend auf der Smithsonian–Roosevelt African Expedition.	number_mismatch
4950	Follow Your Heart.	Folge deinem Herzen.	lang_id
4962	The Schworbrief or civic oath of 1482 was a reminder of various recognized procedures, to which all municipal officers swore obedience every year until the French Revolution in 1989.	Der Schworbrief oder zivile Eid von 1482 war eine Erinnerung an verschiedene anerkannte Verfahren, nach denen alle städtischen Beamten jedes Jahr bis zur Französischen Revolution im Jahr 1789 Gehorsam gelobten.	number_mismatch
4976	Reinkarnatio|Seelenwanderung in der islamischen Häresie / Rainer Freitag. - Berlin: Schwarz, 1985 111.	Seelenwanderung in der islamischen Häresie / Rainer Freitag. - Berlin: Schwarz, 1985 111.	lang_id
5006	8: Birds I: Tinamous and Ratites to Hoatzins (2nd ed.).	Band 8, Vögel I, Tinamous and Ratites to Hoatzins (2. Auflage).	lang_id
5007	"""Clear-Berufung abgelehnt – GEMA bekommt vor Gericht erneut Recht"" (in German)."	Clear-Berufung abgelehnt – GEMA bekommt vor Gericht erneut Recht.	lang_id
5014	(4) The Principle of the heterogony of purpose (ends).	(4) Das Prinzip der Heterogonie der Zwecke.	lang_id
5027	AMNH FR 7434 (Early Eocene) Accipitridae gen. et sp. indet.	AMNH FR 7434 (Unteres Eozän) Accipitridae gen. et sp. indet.	lang_id
5052	Thereafter, again for RAI: I giorni dell'infanzia (1993), Emozioni TV (1995)and Gli archivi del Cremlino (The Kremlin Archives) (1997), a program which he also authored.	Danach von neuem für die RAI: I giorni dell'infanzia (1993), Emozioni TV (1995) und Gli archivi del Cremlino (1997), dabei war er auch Autor dieser Sendung.	lang_id
5069	Theodor von Liebenau, Die Schlacht bei Sempach.	Theodor von Liebenau: Die Schlacht bei Sempach.	lang_id
5105	The Pentateuch.	Der Pentateuch.	lang_id
5106	The Turkish government appoints ten Turkish historians but also picks and appoints 5 Armenian or Diaspora Armenian historians.	Die türkische Regierung benennt zehn türkische Historiker sowie nimmt noch fünf armenische oder fünf aus der armenischen Diaspora stammende Historiker dazu.	number_mismatch
5107	The campground consists of 7 sites spread under an open but shady section of forest a short walk from the river.	Der Campground besteht aus sieben Plätzen, die unter einem offenen aber schattigen Waldstück verteilt sind, einen kurzen Fußmarsch vom Fluss entfernt.	number_mismatch
5119	As Gil-Robles noted in 2004, minorities are generally represented on local and regional authorities, and participate actively in public affairs.	Gil-Robles schrieb in seinem Bericht, dass Minderheiten in lokalen und regionalen Behörden repräsentiert seien und aktiv am öffentlichen Leben teilnähmen.	number_mismatch
5123	"""Ich habe diese Mutter gespielt, eine starke, herrische, aber auch verwundbare Frau, war am Set also quasi die Mutter der Regisseurin – eine merkwürdige Erfahrung""."	Ich habe diese Mutter gespielt, eine starke, herrische, aber auch verwundbare Frau, war am Set also quasi die Mutter der Regisseurin – eine merkwürdige Erfahrung..	lang_id
5149	Adrian von Arburg (in German): Die Festlegung der Staatsgrenze zwischen der Tschechoslowakei und Deutschland nach dem Münchener Abkommen 1938.	Adrian von Arburg: Die Festlegung der Staatsgrenze zwischen der Tschechoslowakei und Deutschland nach dem Münchener Abkommen 1938.	lang_id
5162	U.S. Official Inflation Data, Alioth Finance, 3 Sep. 2018, (	"Offizielle Website Ecovis ""Unternehmensdaten"", abgerufen am 4. Dezember 2017 ( ("	lang_id;number_mismatch
5169	He was a member of the People's Party for Reconstruction and Democracy (PPRD) until September 2015.	Er war bis 29. September 2015 Mitglied der Volkspartei für Wiederaufbau und Demokratie (PPRD).	number_mismatch
5185	1971: serious flooding occurred again in Brixen.	1971: Erneut heftiges Hochwasser in Brixen.	lang_id
5204	"""Tomb Raider Reboot Begins Shooting in January 2017""."	Abgerufen am 24. Januar 2017.  Tomb Raider Reboot Begins Shooting in January 2017.	number_mismatch
5205	1966) is their daughter.	1946) ist seine Tochter.	number_mismatch
5206	Will Friedwald, Sinatra!	Will Friedwald: Sinatra!	lang_id
5223	Since 1999, The NO!art is led by Dietmar Kirves (headquarters Berlin), and Clayton Patterson (headquarters New York).	Seit 1999 wird die N0!art von Dietmar Kirves (headquarters Berlin) und Clayton Patterson (headquarters New York) vertreten.	number_mismatch
5233	Possible stops would be Röthenbach-Ost, Jägerstraße, Eibach-Mitte, Eibach-Süd, Einsteinring and Reichelsdorf-Nord.	Mögliche Haltestellen wären Röthenbach-Ost, Jägerstraße, Eibach-Mitte, Eibach-Süd, Einsteinring und Reichelsdorf-Nord.	lang_id
5241	In 2004 she was a judge for the Franklin Delano Roosevelt International Disability Award, distributed annually at the United Nations in New York to a nation that has met the goals of the UN World Programme of Action Concerning Disabled Persons.	Sie ist Jurymitglied für den Franklin Delano Roosevelt International Disability Award, der jährlich bei den Vereinten Nationen an einen Staat verliehen wird, der die Ziele des UN World Programme of Action Concerning Disabled Persons verwirklicht hat.	number_mismatch
5283	Numerous other speakers went along with the company in the 1980s.	Zahlreiche weitere Lautsprecher begleiteten das Unternehmen in den 80er Jahren.	number_mismatch
5295	Christoph Mährlein, Volksgeist und Recht.	Christoph Mährlein: Volksgeist und Recht.	lang_id
5302	Cloppenburg, Museumsdorf, 1982- 1998, series: Materialien zur Volkskultur nordwestliches Niedersachsen, ed. by Helmut Ottenjann.	Cloppenburg, Museumsdorf, 1982–1998, Reihe: Materialien zur Volkskultur nordwestliches Niedersachsen, hrsg. von Helmut Ottenjann.	lang_id
5307	In late 1916, the Italian army advanced for some kilometers in Trentino, while, for the whole winter of 1916–1917, the situation in the Isonzo front remained stationary.	Ende 1916 stieß die italienische Armee für einige Kilometer in den Trentino vor, während die Lage an der Isonzo-Front während des ganzen Winters 1916/17 stabil blieb.	number_mismatch
5337	Scorpion Down: Sunk by the Soviets, Buried by the Pentagon: The Untold Story of the USS Scorpion.	Ed Offley: Scorpion Down: Sunk by the Soviets, Buried by the Pentagon: The Untold Story of the USS Scorpion (englisch), 2007.	number_mismatch
5339	1957 : 2 May, the birth of his son, Daniel Rodolf Hervé.	Am 2. Mai 1957 wurde sein Sohn Daniel Rodolf Hervé geboren.	lang_id
5343	In: Susanne Kessler, Drawing Space – The New York Room.	In: Susanne Kessler, Drawing Space - The New York Room.	lang_id
5362	During the British Mandate, beginning in 1920, and in the early days after independence in 1932, well-educated Jews played an important role in civic life.	Während der britischen Besatzung ab 1918 und der folgenden britischen Mandatszeit von 1920 bis 1932 und unmittelbar nach der Unabhängigkeit spielten gut ausgebildete Juden eine wichtige Rolle im gesellschaftlichen Leben.	number_mismatch
5378	I vow to eradicate the inexhaustible afflictions.	Ich gelobe, die unerschöpflichen Leiden zu beseitigen.	lang_id
5402	1911 honorary doctor of the University of Rostock 1911 Gold Medal for Art and Science (Mecklenburg-Schwerin) Das Recht der Sponsalien besonders nach dem Particularrechte der Stadt Rostock: ein Commentar zu Thl.	1911 Ehrendoktor der Universität Rostock 1911 Medaille für Kunst und Wissenschaft (Mecklenburg-Schwerin) in Gold Das Recht der Sponsalien besonders nach dem Particularrechte der Stadt Rostock: ein Commentar zu Thl.	lang_id
5435	"""ESC-Finalistin Jamie-Lee Kriewitz: Extrovertiert, unbekümmert und erstaunlich selbstbewusst""."	ESC-Finalistin Jamie-Lee Kriewitz: Extrovertiert, unbekümmert und erstaunlich selbstbewusst.	lang_id
5445	Xion: Who am I?	Xion: „Wer bin ich?	lang_id
5453	He is the author of over 10 scientific publications and over 20 presentations at Polish and international scientific conferences.	Er ist Autor von über zehn wissenschaftlichen Publikationen und über 20 Präsentationen auf polnischen und internationalen wissenschaftlichen Konferenzen.	number_mismatch
5457	Lüpertz organized the same year the 1st Biennale of Berlin.	1974 organisierte Lüpertz die 1. Biennale Berlin.	number_mismatch
5473	As Richard Raatzsch puts it, Dorschel “seeks out the common source of both parties’ errors through rendering each position as strong as possible” (“den gemeinsamen Quellen der Irrtümer beider Seiten nachgeht, indem er sie so plausibel wie möglich zu machen sucht”).	Dabei geht Dorschel, wie Richard Raatzsch formuliert, „den gemeinsamen Quellen der Irrtümer beider Seiten nach , indem er sie so plausibel wie möglich zu machen sucht“.	lang_id
5475	The planes approached individually and in groups of 3-16 at an interval of 15–20 minutes.	Die Flugzeuge näherten sich sowohl einzeln als auch in Gruppen von drei bis sechzehn Maschinen in einem Intervall von 15 bis 20 Minuten.	number_mismatch
5505	For noise reasons the music events end at 10 pm and the average sound level on the mixing console is 90 dB(A).	Aus Lärmschutzgründen enden die Musikveranstaltungen um 22 Uhr und der Mittelungspegels am Mischpult liegt bei 90 dB(A).	number_mismatch
5507	Tiggesbäumker, Günter: Das Herzogliche Haus Ratibor und Corvey.	Günter Tiggesbäumker: Das Herzogliche Haus Ratibor und Corvey.	lang_id
5509	Nand Peeters thought so.	Jedenfalls dachte Nand Peeters dies.	lang_id
5511	"""Großer Bahnhof für Groschek""."	Großer Bahnhof für Groschek.	lang_id
5534	On January 15, 1979, near the end of his term, Blanton issued pardons to 52 state prisoners, including 20 convicted murderers.	Am 15. Januar 1979, kurz vor Ende seiner Amtszeit, begnadigte Blanton 52 Gefangene, darunter zwanzig Mörder.	number_mismatch
5536	There were returned 69 members of the South African party, 33 Unionists and 5 Independents, among them the ex-premiers Sir Gordon Sprigg and Mr Schreiner.	Gewählt wurden 69 Mitglieder aus der Südafrikanischen Partei, 33 Unionisten und fünf Unabhängige, darunter die Ex-Premierminister Sir Gordon Sprigg und Schreiner.	number_mismatch
5538	He produced over 30 episodes of the Arte Lounge programme, which at first broadcast classical music from a Berlin club.	"Er produzierte in über dreißig Folgen die ""Arte Lounge"", die erstmals im Fernsehen klassische Musiker in einem Berliner Club zeigte."	number_mismatch
5553	According to Turkish sources, another reason is that financial backing was withdrawn by the Armenian diaspora after the 1983 Orly Airport attack.	Gemäß anderen türkischen Quellen war ein weiterer Grund das Schwinden der finanziellen Unterstützung durch die armenische Diaspora nach dem Anschlag auf den Flughafen Orly.	number_mismatch
5571	William Henry Smith 1891 (not installed?)	William Henry Smith 1891 (nicht eingeführt?)	lang_id
5575	Med Decis Making.	In: Med Decis Making.	lang_id
5593	"In 1947, the cities of Tübingen and Reutlingen merged to form a ""Zweckverband Städtetheater Tübingen Reutlingen""."	1947 schlossen sich die Städte Tübingen und Reutlingen zu einem „Zweckverband Städtetheater Tübingen Reutlingen“ zusammen.	lang_id
5616	Naming variations are de Goresin, de Gorsne, de Gorssen and von Goerschen.	Namensvariationen sind de Goresin, de Gorsne, de Gorssen und von Goerschen.	lang_id
5618	Agung's attempt to capture Batavia in 1628-29, and drive the Dutch from Java ended in failure.	Agungs Versuch 1628 bis 1629, Batavia einzunehmen und die Holländer aus Java zu vertreiben, scheiterte.	number_mismatch
5623	TSO (The Stationery Office).	Hrsg.: TSO (The Stationery Office).	lang_id
5647	When he loses all his money on the stock market after the September 11th terrorist attacks, Ali gets a heart attack .	Als Ali nach den Terroranschlägen am 11. September 2001 sein gesamtes Geld am Aktienmarkt verliert, erleidet er einen Herzinfarkt.	number_mismatch
5692	See Tom Holert: Künstlerische Forschung: Anatomie einer Konjunktur.	Tom Holert: Künstlerische Forschung: Anatomie einer Konjunktur.	lang_id
5693	Ernst Melsheimer „Das höchste Gericht soll in den für die Grundlagen unseres Staates und für den Bestand unserer Republik entscheidenden Fragen Recht sprechen; es soll auf hoher, weithin dem ganzen Volke sichtbarer Plattform urteilen; es soll schnell und richtig urteilen.	Ernst Melsheimer, der erste Generalstaatsanwalt der DDR, sprach dem Senat eine zentrale politische Funktion zu: „Das höchste Gericht soll in den für die Grundlagen unseres Staates und für den Bestand unserer Republik entscheidenden Fragen Recht sprechen; es soll auf hoher, weithin dem ganzen Volke sichtbarer Plattform urteilen; es soll schnell und richtig urteilen.	lang_id
5696	"""ESO Press Releases -- Search results for '""New Technology Telescope""+""Science Release""'""."	"Abgerufen am 18. Mai 2011.  ESO Press Releases – Search results for ‘""New Technology Telescope""+""Science Release""’."	lang_id;number_mismatch
5766	"He has also written two books of poetry (Poems of the Way and The Pilgrimage of Life and the Wisdom of Rumi) and has been described as a ""polymath""."	Er schrieb außerdem zwei Bücher zur Poesie (Poems of the Way (1999) und The Pilgrimage of Life and the Wisdom of Rumi (2007)) und wurde infolgedessen als Universalgelehrter bezeichnet.	number_mismatch
5776	He expressed his desired to marry her, but the Roman Catholic Church could not marry them because of their level of consanguinity; he requested a dispensation from the Archbishop of Bogotá, Baltazar Jaime Martínez Compañón, for which he paid on June 7, 1797, 2 thousand pesos to be used as grants for the education of the girls of the Enseñanza school, six hundred pesos for church decorations, including two religious paintings, and the construction of an aqueduct in Funza.	Er äußerte seinen Wunsch sie zu heiraten, doch die römisch-katholische Kirche konnte sie wegen ihrer Blutsverwandtschaft nicht verheiraten; er beantragte eine Ausnahmegenehmigung von dem Erzbischof von Bogotá, Baltazar Jaime Martínez Compañón, für die er am 7. Juni 1797 insgesamt 2600 Pesos bezahlte, darunter 2.000 Pesos, die als Zuschüsse für die Bildung der Mädchen der Schule Enseñanza, und 600 Pesos für Dekorationen der Kirche, darunter auch zwei religiöse Gemälde, und dem Bau einer Wasserleitung in Funza genutzt werden sollten.	number_mismatch
5780	Helicopter Database.	In: Helicopter Database.	lang_id
5809	His temporary replacement, Karl Ritter von Weber, was mortally wounded south of Smolensk on 17 July, putting Wilhelm Ritter von Thoma in charge until von Arnim returned.	Seine zeitweilige Vertretung, Karl Ritter von Weber, wurde südlich von Smolensk am 17. Juli 1941 tödlich verwundet, weshalb Wilhelm Ritter von Thoma Divisionskommandeur bis zur Rückkehr von Arnims wurde.	number_mismatch
5816	Lie participated in the 6th season of Skal vi danse?, the Norwegian version of the British series Strictly Come Dancing.	Lie nahm an der sechsten Staffel von Skal vi Danse? teil, einer norwegischen Version der britischen Serie Strictly Come Dancing.	number_mismatch
5847	In the west is a forest of 24 ha named „Trenckmann's Busch“ or „Zechenholz“.	Im Westen grenzt ein 24 ha großes Mischwaldstück mit dem Namen „Trenckmann's Busch“ bzw. „Zechenholz“ an den Ort.	lang_id
5861	Federation Hut was originally built in 1968-69 by the Federation of Victorian Walking Clubs and is situated on the treeline at the top of Bungalow Spur near Little Feathertop.	Die Federation Hut wurde ursprünglich in den Jahren 1968 / 1969 von der Federation of Victorian Walking Clubs gebaut und liegt an der Baumgrenze am oberen Ende des Bungalow Spur Track beim Little Feathertop.	number_mismatch
5880	"Political developments, particularly the restoration of authoritarianism and suppression of civil liberties in Egypt since July 3, 2013, have been described as constituting a ""military winter"" that functioned in opposition to the goals of the Arab Spring."	"Politische Entwicklungen, besonders die Erneuerung des Autoritarismus und die Unterdrückung von Freiheitsrechten in Ägypten seit dem Militärputsch im Juli 2013, wurden als Konstituierung eines ""militärischen Winters"" beschrieben, der im Gegensatz zu den Zielen des Arabischen Frühlings stehe."	number_mismatch
5883	The average field at the surface is 0.23 gauss (23 µT).	Das durchschnittliche Feld auf der Oberfläche beträgt 0,23 Gauß (23 µT).	lang_id
5885	An alignment of the legal position was only gradually achieved in the second half of the 19th century, and was largely completed on the introduction of the Civil Code (BGB) in January 1900.	Eine Angleichung der rechtlichen Verhältnisse erfolgte erst allmählich in der zweiten Hälfte des 19. Jahrhunderts und war schließlich mit der Einführungen des Bürgerlichen Gesetzbuches (BGB) zum 1. Januar 1900 weitgehend vollendet.	number_mismatch
5887	4,899 glyphs in Macromedia Fontographer v4.1.3 2003-02-13.)	4 899 Zeichen in Macromedia Fontographer v4.1.3 13. Februar 2003.)	lang_id;number_mismatch
5890	There are 3 hotels in Kepahiang with a total number of 55 rooms and 77 beds.	In Kepahiang gibt es drei Hotels mit einer Gesamtanzahl von 55 Zimmern und 77 Betten.	number_mismatch
5929	The Act was repealed in 1997 as a part of wider rationalisation of English statute law; however, later anti-slavery legislation remains in force.	Das Gesetz wurde 1998 aufgehoben (repealed) im Zuge einer breiter angelegten Rationalisierung des Englischen Statute Law; spätere Gesetze der Sklavenbefreiung bleiben jedoch weiterhin in Kraft.	number_mismatch
5936	The seventh studio album Phoenix was recorded in Berlin in winter 2004/2005, mixed by Janez Križaj in Ljubljana and released in April 2005.	Das siebte Studioalbum Phoenix wurde im Winter 2004/05 in Berlin aufgenommen, von Janez Križaj in Ljubljana abgemischt und im April 2005 veröffentlicht.	number_mismatch
5939	(Pacific History Series No. 5).	Nachdruck: (= Pacific History Series No. 5).	lang_id
5957	In most cities she was paid 300 livres a month of her teaching.	In den meisten Städten, in denen sie ihre Ausbildung anbot, erhielt sie als Bezahlung 300 Livres für einen Monat Lehrtätigkeit.	length
5959	From the late'70s Brehmer - in addition to the continued production of graphics and drawings - he began to paint.	Ab den späten 1970er Jahren begann Brehmer – neben der fortgesetzten Produktion von Grafiken und Zeichnungen – zu malen.	number_mismatch
5965	It eventually ran to 324 episodes.	Somit wird die Serie insgesamt auf eine Anzahl von 324 Episoden kommen.	length
5987	In 2000 nineteen members of the crew were arrested and Raffa committed suicide.	Im Jahr 2000 wurden 19 Mitglieder der dortigen Besatzung verhaftet und Raffa starb durch Suizid.	number_mismatch
6011	Hahnsche Buchhandlung, Hannover 1977- (Veröffentlichungen der Historischen Kommission für Niedersachsen und Bremen, 36) (in German) (Publisher's summary) Gudrun Pischke: Die Landesteilungen der Welfen im Mittelalter.	Hahnsche Buchhandlung, Hannover 1977- (Veröffentlichungen der Historischen Kommission für Niedersachsen und Bremen, 36) (Übersicht des Verlags) Gudrun Pischke: Die Landesteilungen der Welfen im Mittelalter.	lang_id
6017	California Design 1930-1965: Living in a Modern World (2 November 2013 – 9 February 2014) Quilts 1700-1945 (15 June – 22 September 2013) Portrait of Spain: Masterpieces from the Prado (21 July - 4 November 2012).	California Design 1930–1965: Living in a Modern World (2. November 2013 – 9. Februar 2014) Quilts 1700–1945 (15. Juni – 22. September 2013) Portrait of Spain: Masterpieces from the Prado (21. Juli – 4. November 2012).	lang_id
6047	Further transports came from Nuremberg with 1,008 persons and Vienna with 1,001.	Weitere Transporte kamen aus Nürnberg mit 1008 Personen und Wien mit 1000 Personen.	number_mismatch
6066	Peter Guidi – Forbidden Flute.	In: Peter Guidi – Forbidden Flute.	lang_id
6072	Das Gefecht bei Kandern und Tod des Generallieutenants von Gagern am 20.	Das Gefecht bei Kandern und Tod des Generallieutenants von Gagern am 20. April.	lang_id
6075	After Bennett signed a 4-year contract with the Newcastle Knights, Boyd was offered contracts from the Knights and the Gold Coast Titans.	Nachdem Bennett einen Vierjahresvertrag bei den Newcastle Knights unterschrieben hatte, erhielt er Anfragen von den Newcastle Knights und den Gold Coast Titans.	number_mismatch
6077	Johanna Holländer got the Castle Mill back together with the originally sought damages of DM100,000 and 4% interest since 20 May 1949.	Johanna Holländer erhielt die Schlossmühle zurück samt der geforderten Entschädigung von 100.000,00 DM nebst 4 Prozent Zinsen ab dem 20. Mai 1949.	number_mismatch
6087	"Byzantine Emperor Alexius I Comnenus, not knowing what else to do with such an unusual and unexpected ""army"", quickly ferried all 30,000 across the Bosporus by 6 August."	Der byzantinische Kaiser Alexios I. Komnenos, der auch nicht wusste, was er mit einer derart unüblichen und unerwarteten „Armee“ machen sollte, ließ sie am 6. August schnell über den Bosporus setzen.	number_mismatch
6091	His most known hits were Der Mann am Klavier (1954), Es gibt kein Bier auf Hawaii (1963) and Die Farbe der Liebe (1958 in the charts).	Als Schlagersänger spielte Kuhn Titel wie Der Mann am Klavier (1954), Es gibt kein Bier auf Hawaii (1963) und Die Farbe der Liebe (1958 in den Hitparaden) ein.	lang_id
6121	In 2003, at the age of eleven, Sarah Thonig started her acting career on camera and since 2012 she has appeared again in various television films and series.	2003 stand Sarah Thonig, im Alter von 11 Jahren, das erste Mal vor der Kamera und seit 2012 ist sie wieder in verschiedenen Fernsehfilmen und -serien zu sehen.	number_mismatch
6150	"W. Kitlitschka: ""Rieser Michael""."	W. Kitlitschka: Rieser Michael.	lang_id
6154	The origins of the rocks go back 1,700 million years.	Die Ursprünge der Felsen liegen 1,7 Milliarden Jahre zurück.	number_mismatch
6156	In 1919, with Georg Gehlhoff, he founded the Deutsche Gesellschaft für technische Physik (German Society for Technical Physics).	1919 gründete er zusammen mit Georg Gehlhoff die Deutsche Gesellschaft für technische Physik.	lang_id
6176	The initiative Mehr Mut zum Ich funds projects of DKHW that aim at strengthening girls’ self-esteem.	Mit der Initiative Mehr Mut zum Ich werden Projekte des DKHW finanziert, die sich der Stärkung des Selbstwertgefühls von Mädchen widmen.	lang_id
6179	Dierschke, Jochen: Die Vogelwelt der Insel Helgoland.	Jochen Dierschke: Die Vogelwelt der Insel Helgoland.	lang_id
6183	"Accordingly in 1960 and 1989 the company was renamed ""První budějovický pivovar Samson"" (First Budweiser brewery Samson)."	1960 bzw. 1989 wurde die Brauerei in „První budějovický pivovar Samson“ (Erste Budweiser Brauerei Samson) umbenannt.	lang_id
6202	"""Deutscher Dokumentarfilmpreis: Zwölf Produktionen nominiert""."	Deutscher Dokumentarfilmpreis: Zwölf Produktionen nominiert.	lang_id
6203	Atlas), Ausstellungskatalog zur gleichnamigen Ausstellung des Städelsche Kunstinstituts und der Städtischen Galerie, Graphische Sammlung, Frankfurt am Main.	Ein Atlas, Ausstellungskatalog zur gleichnamigen Ausstellung des Städelschen Kunstinstituts und der Städtischen Galerie, Graphische Sammlung, Frankfurt am Main.	lang_id
6205	Tequeños originate in Venezuela.	Tequeños stammen aus Venezuela.	lang_id
6208	Tina Cullen, ( 8.)	Tina Cullen ( 8.)	lang_id
6227	Its metadata catalogue applies international standards such as: Dublin Core, the data catalogue vocabulary DCAT-AP and the Asset Description Metadata Schema (ADMS).	Sein Metadatenkatalog beruht auf internationalen Standards wie dem Dublin Core, dem Datenkatalogvokabular DCAT und dem ADMS (asset description metadata schema).	lang_id
6228	Enrique Granados founds the Academia Granados in Spain.	Enrique Granados gründet die Academia Granados in Spanien.	lang_id
6231	Vientiane Times.	In: Vientiane Times.	lang_id
6240	Its name changed into Großherzogliche Hof- und Landesbibliothek.	Darüber hinaus erfolgte eine Umbenennung in Großherzogliche Hof- und Landesbibliothek.	lang_id
6244	38, No. 2, pp. 331–342 Tudor, D. (1974): Les ponts romains du Bas-Danube, Bibliotheca Historica Romaniae Études, Vol.	38, Nr. 2, S. 331–342 D. Tudor (1974): Les ponts romains du Bas-Danube, Bibliotheca Historica Romaniae Études, Bd.	lang_id
6249	His name is enshrined in the Guinness Book of Records for his prowess in Caracas, Venezuela where he sang continuously for 10 hours without pause.	Sein Name wurde im Guinness-Buch der Rekorde eingetragen, als er in Caracas, Venezuela für zehn Stunden kontinuierlich sang.	number_mismatch
6264	Unlike in London, where Ken Livingstone had sufficient devolved powers to introduce the charge on his own authority, other cities would require the confirmation of the Secretary of State for Transport.	Anders als in London, wo Ken Livingstone über hinreichend eigene Amtsgewalt verfügte, um die Maut zu veranlassen, benötigen andere Städte aufgrund des Transport Act 2000 die Zustimmung des Staatssekretärs für Verkehr.	number_mismatch
6277	He attended local school in Smyrna, Tennessee, and was educated at the Western Military Institute—now Montgomery Bell Academy—from 1860–61.	Er besuchte die örtliche Schule in Smyrna, Tennessee und wurde am Western Military Institute – jetzt Montgomery Bell Academy – von 1860 bis 1861 ausgebildet.	number_mismatch
6289	Yao was widely predicted to be picked number one overall.	Yao wurde weithin als Nummer-1-Pick vorausgesagt.	number_mismatch
6290	Sniečkus was the initiator of the first mass deportations of Lithuanians on 14–19 June 1941.	Sniečkus war der Initiator der ersten Massendeportation von Litauern zwischen dem 14. und 19. Juni 1940.	number_mismatch
6298	"In 1998, Stangl reached the Shishapangma, his first 8000er via the southwest face, the so-called ""British Route""."	1998 erreichte Stangl mit dem Shisha Pangma seinen ersten Achttausender, die Besteigung erfolgte über die „Britenroute“ in der Südwand.	number_mismatch
6339	The car continued in the Austin catalogue and as a taxi option until 1939.	Das Auto stand bis 1935 im Austin-Katalog, als Taxi-Modell sogar bis 1939.	number_mismatch
6345	"""Fußball-Bundesliga: Zweifel am Meister-Tor"" ."	Fußball-Bundesliga: Zweifel am Meister-Tor.	lang_id
6349	Lutz Schadeck: Der Moorexpress - Unterwegs zwischen Stade und Bremen.	Lutz Schadeck: Der Moorexpress – Unterwegs zwischen Stade und Bremen.	lang_id
6368	He attended the Stockholm music conservatory for sound engineering and music production studies.	Später studierte er an der Stockholm music conservatory for sound engineering and music production.	lang_id
6387	"Some of her best known songs include ""List"", ""Wir tańca nas porwał"", ""Gdy odejdziesz"", ""Trzy listy"", ""Fernando"", ""Cicha jest noc"", ""Varsovie de mon enfance"", ""Ma Patrie"" and ""Mazowiecki wiatr""."	"Einige ihrer bekanntesten Lieder sind ""List"", ""Wir tańca nas porwał"", ""Gdy odejdziesz"", ""Trzy listy"", ""Fernando"", ""Cicha jest noc"", ""Varsovie de mon enfance"", ""Ma Patrie"" und ""Mazowiecki wiatr""."	lang_id
6413	A Subversive Practitioner.	Subversive Praktiken.	lang_id
6415	"Moreell personally furnished them with their official motto: Construimus, Batuimus – ""We Build, We Fight."""	Ihr Motto lautet Construimus, Batuimus (We Build, We Fight).	lang_id
6416	Omak High School, built in 1919, had a 2010–11 enrollment of 435 students, while the Omak Alternative High School had an enrollment of 48 students.	Die Omak High School, erbaut 1919, besuchten im Jahr 2010/11 435 Schüler, während die Omak Alternative High School 48 Schüler hatte.	number_mismatch
6450	Ascona: Monte Verità: Auf der Suche nach dem Paradies.	Perlentaucher: Rezension: Ascona – Monte Verità: Auf der Suche nach dem Paradies.	lang_id
6497	Since 2007, all five aircraft have been equipped with a smoke system .	Seit 2007 sind alle 5 Flugzeuge mit einem Rauchsystem versehen.	number_mismatch
6500	The hut may be reached either from the Kelchsau – from the Gasthof Wegscheid inn in the Kurzen Grund in just under 2 hours or from Salzburg state, from Gasthof Ronach on the old Gerlos Road over the Salzachjoch saddle in about 3½ hours.	Erreichbar ist die Hütte entweder aus der Kelchsau – ab dem Gasthof Wegscheid im Kurzen Grund in knapp 2 Stunden oder vom Bundesland Salzburg, vom Gasthof Ronach an der alten Gerlosstraße über das Salzachjoch in etwa 3,5 Stunden.	number_mismatch
6519	ISBN 0882080474 1981: Promise of a New Spring: The Holocaust and Renewal.	ISBN 0882080474 Promise of a New Spring: The Holocaust and Renewal.	lang_id;number_mismatch
6530	He asserts on his campaign web site that his platform based on the Authorized King James Bible (1611) has never changed.	Er behauptete auf seiner Kampagnewebsite, dass sich seine politische Plattform, die sich auf die King-James-Bibel stützt, nie geändert hat.	number_mismatch
6555	Time devoted a whole page to the photo, and today the motif is one of the ‘Bilder im Kopf’ (Images in the mind’s eye) (Deutsches Presse-Museum, Deutsches Zeitungsmuseum).	Zu dieser Zeit widmete das Time-Magazine dem Foto eine Seite, heute ist das Motiv eines der „Bilder im Kopf“ (Deutsches Presse-Museum, Deutsches Zeitungsmuseum).	lang_id
6557	The Dead Daisies were formed by Jon Stevens and David Lowy in 2013.	The Dead Daisies wurden 2012 von Jon Stevens und David Lowy gegründet.	number_mismatch
6568	Briefliche Mittheilung übere einige Bulimus-Arten.	Briefliche Mittheilung über einige Bulimus-Arten.	lang_id
6590	"2014: Machatzit Mul Machatzit : Kol Ha-Shirim (""Collected Poems"")."	2014: Machatzit Mul Machatzit : Kol Ha-Shirim (Gesammelte Lieder).	lang_id
6604	Between 1995 and 2009 this three-year programme was delivered to 9 different classes with modules held in Estonia, Greece, Germany, Italy, Norway, Sweden and Russia.	Zwischen 1995 und 2009 wurde diese 3-jährige Fortbildung in 9 internationalen Klassen mit Modulen in Estland, Deutschland, Griechenland, Italien, Norwegen, Schweden und Russland durchgeführt.	number_mismatch
6608	Gundula Hubrich-Messow: Von Ekke Nekkepenn bis Martje Floris – Märchen und Sagen Nordfrieslands.	Meermönch Seebischof Gundula Hubrich-Messow: Von Ekke Nekkepenn bis Martje Floris – Märchen und Sagen Nordfrieslands.	lang_id
6619	Robert S. Kerr, governor 1943–46 was an oilman who supported the New Deal and used his network of connections in Washington to secure federal money.	Robert S. Kerr, der aus dem Ölgeschäft stammte und von 1943 bis 1946 Gouverneur war, unterstützte den New Deal und nutzt seine Verbindungen in Washington, um für seinen Bundesstaat weitere Mittel zu sichern.	number_mismatch
6628	"Friends organised an elaborate 70th birthday party for him on 21 May 1975; ""one duke, two dukes' daughters, sundry lords, a bishop, a poet laureate—not bad for an old left-wing MP"", Driberg observed to a guest."	Zu seinem 70. Geburtstag organisierten Freunde für ihn eine große Party: „ein Herzog, zwei Töchter von Herzögen, verschiedene Lords, ein Bischof, ein Dichterfürst – nicht schlecht für einen alten linken Parlamentsabgeordneten“, bemerkte Driberg zu einem seiner Gäste.	number_mismatch
6644	After the creation of the Uzbek SSR and the Tajik ASSR 1924/25 and especially after the Communist Party started exercising strong control over culture and society Fitrat wrote less on political matters.	Nach der Errichtung der Usbekischen SSR und der Tadschikischen ASSR 1924/25 und als die Kommunistische Partei ab 1927 starke Kontrolle über Kultur und Gesellschaft ausübte, widmete sich Fitrat weniger dem Schreiben politischer Texte.	number_mismatch
6657	Bayramov continued his prolific artistic output into the 2010s, creating more than ninety oil paintings between 2010 and 2014.	Bayramov setzte seine produktive künstlerische Schaffung in den letzten Jahren seines Lebens fort und schuf zwischen 2010 und 2014 mehr als 90 Ölbilder.	number_mismatch
6659	In December, 2,000–3,000 people gathered at the Mall of America in Bloomington, Minnesota, to protest the killings of unarmed black men by police.	Im Dezember versammelten sich zwei- bis dreitausend Menschen an der Mall of America in Bloomington, Minnesota, um gegen die Tötungen zweier unbewaffneter schwarzer Männer durch die Polizei zu protestieren.	number_mismatch
6668	Among Miller's last productions were three tracks on the 1992 Wedding Present project, Hit Parade 2.	Zu den letzten Produktionen von Miller gehörten drei Tracks der Kompilation Hit Parade 2 von The Wedding Present.	number_mismatch
6672	For the remainder of the Siege of Madrid, the front lines ran through the streets of Carabanchel, until Republican Madrid fell in March 1939.	Während der verbleibenden Belagerung von Madrid verlief die Front quer durch die Straßen Carabanchels bis das republikanische Madrid am 28. März 1939 fiel.	number_mismatch
6673	To the northwest is the Großer Winterberg (906.4 m) and, beyond that, to the Brocken (1,141.1 m).	Nordwestlich schließt sich der Große Winterberg (906,4 m) und jenseits davon der Brocken (1141,1 m) an.	lang_id
6684	In 1912 it evolved to Gimnazijski nogometni klub Zrinjski (Gymnasium Football Club Zrinjski).	Im Jahre 1912 wurde der Sportklub in Gimnazijalni nogometni klub Zrinjski (Gymnasialer Fußballverein Zrinjski) umbenannt.	lang_id
6686	In the 2017/2018 financial year, the company produced 2.7 million tons of sugar from 17 million tons of sugar beet which were cultivated on 239,000 hectares.	Im Geschäftsjahr 2017/18 produzierte das Unternehmen 2,7 Millionen Tonnen Zucker aus 17 Millionen Tonnen Zuckerrüben, die auf 239.000 Hektar europaweit angebaut wurden.	number_mismatch
6723	In the three seduction theory papers published in 1896, Freud stated that with all his current patients he had been able to uncover such abuse, mostly below the age of four.	In den drei Schriften zur Verführungstheorie, die 1896 veröffentlicht wurden, schrieb Freud, dass er Erfahrungen solcher Art bei all seinen damaligen Patienten ausmachen konnte, meist noch im Alter unter 4 Jahren.	number_mismatch
6763	In 12:32 it lacks words αυτω ουτε.	In 12,32 fehlen die Worte αυτω ουτε.	lang_id
6764	Neubrandenburger Mosaik : Heimatkundliches Jahrbuch des Regionalmuseums Neubrandenburg.	Neubrandenburger Mosaik: Heimatkundliches Jahrbuch des Regionalmuseums Neubrandenburg.	lang_id
6774	Voters approved the extension of line 5/6 from Burgernziel to Freudenbergerplatz (Ostring).	Das Stimmvolk bewilligte die Verlängerung der Linie 5/6 vom Burgernziel zum Freudenbergerplatz (Ostring).	lang_id
6783	Barcelona, Spain, 2010 Klompching Gallery, Proposition One, New York, 2011 Spicer House, Proposition One, Barcelona, Spain, 2011 Central European House of Photography, Elegies.	Barcelona, Spanien, 2010 Klompching Gallery, Proposition One, New York, 2011 Spicer House, Proposition One, Barcelona, Spanien, 2011 Central European House of Photography, Elegies.	lang_id
6790	Following the 1973 general election Fianna Fáil found themselves in opposition.	Von der Wahl 1973 bis zur Wahl 1977 befand sich Fianna Fáil in der Opposition.	number_mismatch
6795	Dürnberger T. et al. Erlebnisbericht über die Österreichisch-Deutsche Grönlandexpedition 1962.	Dürnberger T. u. a. Erlebnisbericht über die Österreichisch-Deutsche Grönlandexpedition 1962.	lang_id
6802	In 28.12.2008 he was arrested and tortured by Guangdong police, because he sent out flyers of democracy with Li Tie, Yang yong and other activists.	Am 28. Dezember 2008 nahm ihn die Polizei in Guangdong fest und folterte ihn, da er mit Li Tie, Yang Yong und anderen Aktivisten Flugblätter mit demokratischem Inhalt verschickt hatte.	number_mismatch
6833	With 'autonomy and freedom' the Greek states at the beginning of the fourth century found a formula for a inclusive peace system which was acceptable to all sides.	Mit „Autonomie und Freiheit“ hatten die griechischen Poleis zu Beginn des 4. Jahrhunderts eine für alle Seiten akzeptable Formel für eine umfassende Friedensregelung gefunden.	number_mismatch
6853	By the time the Fifteenth Amendment was making its way through Congress, Stanton's position had led to a major schism in the women's rights movement itself.	Zu der Zeit, an dem das 15. Amendment seinen Weg durch den Kongress machte, hatte Stantons Haltung zu einer gewaltigen Spaltung in der Frauenrechtsbewegung selbst geführt.	number_mismatch
6872	This model appears to date from the early 1970s and was available in orange or beige.	Es kommt aus den frühen 1960ern und war in orange und beige erhältlich.	number_mismatch
6918	"33, No. 210 (1944): 142–169 ""Can God's Existence Be Disproved?"", Mind, Vol."	33, No. 210 (1944): 142-169 „Can God’s Existence Be Disproved?“, Mind, Vol.	lang_id
6943	Delegates from fifty-three women's organizations in nine countries met in Washington in 1888 to form the new association, which was called the International Council of Women (ICW).	Delegierte von 53 Frauenorganisationen aus neun Ländern trafen sich 1888 in Washington, um eine neue Gesellschaft zu bilden, die International Council of Women (ICW) genannt wurde.	number_mismatch
6959	In the Mennonitisches Gesangbuch  it can be found under the number 265.	Im Mennonitischen Gesangbuch ist es unter der Nummer 265 zu finden.	lang_id
6967	"""Das Stipendium der Deutschen Akademie Rom Casa Baldi""."	Das Stipendium der Deutschen Akademie Rom Casa Baldi.	lang_id
6972	Two years later, in 2001, Eskuak/Ukabilak was released.	Zwei Jahre später wurde Eskuak/Ukabilak veröffentlicht.	number_mismatch
6974	"Another border treaty in 1656 states: ""The highest Wetterstein or Zugspitz"" (""Der höchste Wetterstain oder Zugspitz"")."	Ein weiterer Grenzvertrag besagte 1656: „Der höchste Wetterstain oder Zugspitz“.	lang_id
6987	Grove Press, 2001, ISBN 0802138292 Thomas Joseph Tunney und Paul Merrick Hollister: Throttled!	Grove Press, 2001, ISBN 0802138292 Thomas Joseph Tunney und Paul Merrick Hollister: Throttled!	lang_id
6996	"Joseph Buchkremer: ""Dr. Georg Humann."""	Joseph Buchkremer: Dr. Georg Humann.	lang_id
7003	"""Full Episode — Tues."	In: Full Episode - Tues.	lang_id
7010	Prague: Supraphon.	Prag: Supraphon.	lang_id
7032	The Living God.	Den levande Guden.	lang_id
7048	"On Sibylle Knauss' novel ""Charlotte Corday"" (1988)."	Zu Sibylle Knauss’ Roman „Charlotte Corday“ (1988).	lang_id
7064	Footnotes: Monthly Notices Roy.	In: Monthly Notices Roy.	lang_id
7066	CNN on August 13 showed a commercial by one of these groups and interviewed Clark.	Am 13. August 2003 zeigte CNN einen Werbespot der Webseite und interviewte Clark.	number_mismatch
7069	Proceedings of the AIAA/USU Conference on Small Satellites.	In: Proceedings of the AIAA/USU Conference on Small Satellites (2013).	number_mismatch
7081	With a fully filled upper reservoir the plant can generate 900 MW for about 12 hours.	Mit voll gefülltem oberen Becken kann das Kraftwerk ungefähr zwölf Stunden lang 900 MW erzeugen.	number_mismatch
7098	Journal of Immunotherapy (Hagerstown, Md. : 1997).	In: Journal of immunotherapy (Hagerstown, Md. : 1997).	lang_id
7105	"They gave rise to the saying ""Fernão, Mentes?"	So entstand in Portugal der Spruch „Fernão, Mentes?	lang_id
7126	His composition Panis angelicus won a prize in 1942 from the Société des musiciens d'église de la province de Québec.	Sein Panis angelicus wurde 1942 von der Société des musiciens d'église de la province de Québec ausgezeichnet.	lang_id
7141	Edition: H. F. Kästner.	(Digitalisat) Edition: H. F. Kästner.	lang_id
7149	Picture Beständigkeit des Nebels (Solidity of Mist), by walkala (Luis Alfredo Duarte Herrera), Salzburg, July 2007.	Bild Beständigkeit des Nebels, von walkala (Luis Alfredo Duarte Herrera), Salzburg 2007.	lang_id
7154	Estadio Lic.	Das Estadio Lic.	lang_id
7163	Het nieuws verspreidt zich als een lopend vuurtje.	Die Nachricht verbreitet sich wie ein Lauffeuer.	lang_id
7178	The roles Alexander Von Eich, Knut Hansen and Uwe Woellner and the time on the eleventh of december that he played the corner named Maurice Horstmann have been incorporated into ulmen.tv.	Die Rollen Alexander von Eich, Knut Hansen, Uwe Wöllner und seit dem 11. Dezember auch Ecke, der hier Maurice Horstmann heißt, wurden in das Nachfolgeformat ulmen.tv übernommen.	number_mismatch
7179	Either way, Romanos' army was reduced to less than half his planned 40,000 men.	So oder so, Romanos Armee wurde auf weniger als die Hälfte seiner geplanten 40.000 bis 60.000 Männer reduziert.	number_mismatch
7193	With Jacek Kuroń he co-wrote the Open Letter to the Party, for which he was imprisoned for three years.	Zusammen mit Jacek Kuroń schrieb er einen Offenen Brief an die Partei, für den er 3 Jahre inhaftiert wurde.	number_mismatch
7198	Last Chance to Eat: The Fate of Taste in a Fast Food World.	2004 veröffentlichte sie das Buch Last Chance to Eat; The Fate of Taste in a Fast Food World.	number_mismatch
7209	Ìrìnkèrindò: a Journal of African Migration.	In: Ìrìnkèrindò: a Journal of African Migration.	lang_id
7238	In the same year Varley left LFO.	Im gleichen Jahr verließ Varley endgültig LFO.	lang_id
7247	Oscar Wilsdorf, Gräfin Cosel – Ein Lebensbild aus der Zeit des Absolutismus.	Oscar Wilsdorf: Gräfin Cosel – Ein Lebensbild aus der Zeit des Absolutismus.	lang_id
7251	"""Iran Releases Maersk Tigris""."	Iran bringt „Maersk Tigris“ auf.	lang_id
7258	Finally, on September 16, 2000, the gap between subway and subway could be opened, the costs amounted to instead of the estimated 126 million marks (adjusted for purchasing power in today's currency: about 82 million euros) to 105 million marks (about 68 million euros).	Schließlich konnte am 16. September 2000 der Lückenschluss zwischen S- und U-Bahn eröffnet werden, die Kosten beliefen sich statt der veranschlagten 126 Millionen Mark (kaufkraftbereinigt in heutiger Währung: rund 85 Millionen Euro) auf 105 Millionen Mark (heute rund 71 Millionen Euro).	number_mismatch
7272	The Laura Seddon Greeting Card Collection at Manchester Metropolitan University gathers 450 Valentine's Day cards dating from early nineteenth century Britain, printed by the major publishers of the day.	Die Laura Seddon Greeting Card Collection an der Manchester Metropolitan University enthält 450 Valentinstagskarten aus dem frühen 19. Jahrhundert, die von den damals führenden Verlegern im Vereinigten Königreich herausgebracht wurden.	number_mismatch
7336	Vanderlyn's Adventure (New York 1931, London 1937 as The house by the sea) Why Be Lonely?	Vanderlyn’s Adventure (New York 1931, London 1937 als The house by the sea.)	lang_id
7337	Many stayed only fragments like the novel Ich Jona.	Vieles blieb fragmentarisch, beispielsweise der Roman Ich Jona.	lang_id
7340	In order to obtain the claim for all s ∈ C {\displaystyle s\in \mathbb {C} } , consider the function Δ E ( z , s ) − s ( 1 − s ) E ( z , s ) {\displaystyle \Delta E(z,s)-s(1-s)E(z,s)} .	Um die Behauptung für jedes s ∈ C {\displaystyle s\in \mathbb {C} } zu erhalten, betrachte die Funktion Δ E ( z , s ) − s ( 1 − s ) E ( z , s ) {\displaystyle \Delta E(z,s)-s(1-s)E(z,s)} .	lang_id
7345	Ueber Differenzierung des Protoplasmas an den Zellen tierischer Gewebe.	Über Differenzierung des Protoplasmas an den Zellen tierischer Gewebe.	lang_id
7381	On October 1, 1964, Armone and 11 other mobsters were indicted in what became the French Connection case.	Am 1. Oktober 1964 wurden Armone und elf weitere Mafiosi in den sogenannten French Connection-Fall verstrickt.	number_mismatch
7389	"""V for Vendetta masks: Who's behind them?""."	Abgerufen am 25. Mai 2011.  V for Vendetta masks: Who's behind them?	lang_id;number_mismatch
7407	His first concert as a soloist took place 1953 in Istanbul, in the next year the 24-year-old was featured in Iraqi television.	Ein erstes öffentliches Solokonzert fand 1953 in Istanbul statt, im darauf folgenden Jahr erhielt der erst 23-Jährige ein Feature im irakischen Fernsehen.	number_mismatch
7424	100 Euros per year).	100 Euro im Jahr).	lang_id
7448	Buchpreis der Stadt Bern (1976/1980/1984) Preis der Schillerstiftung (1983) Welti-Preis für das Drama (1985) Literaturpreis der Stadt Bern (1988) Flissingen fehlt auf der Karte.	Buchpreis der Stadt Bern (1976/1980/1984) Preis der Schweizerischen Schillerstiftung (1983) Welti-Preis für das Drama (1985) Literaturpreis der Stadt Bern (1988) Flissingen fehlt auf der Karte.	lang_id
7469	PRO.	PRO .	length;lang_id
7492	Another teacher was Benjamin Whichcote.	Sein Lehrer war Benjamin Whichcote.	lang_id
7511	In Klaus Stromer (ed.), Idee Farbe – Farbsysteme in Kunst und Wissenschaft von Forsius bis Sirius.	In: Klaus Stromer (Hrsg.), Idee Farbe – Farbsysteme in Kunst und Wissenschaft von Forsius bis Sirius.	lang_id
7515	In: Journal of Trust Research 5 (2015), 2. pp. 153-169 (with Neve Isaeva, Alexandra Bristow and Mark Saunders).	In: Journal of Trust Research 5 (2015), 2. pp. 153-169 (mit Neve Isaeva, Alexandra Bristow und Mark Saunders).	lang_id
7528	On 21 May 1420, the Treaty of Troyes is signed.	Nicht zuletzt aus diesem Grund wurde hier am 21. Mai 1420 der Vertrag von Troyes unterzeichnet.	length
7534	"Karl Führer: Der ""Deutsche Reichskriegerbund Kyffhäuser"" 1930-1934."	Karl Führer: Der „Deutsche Reichskriegerbund Kyffhäuser“ 1930–1934.	lang_id
7554	Whimsical names can be used for relatively ordinary asteroids (such as 26858 Misterrogers or 274301 Wikipedia), but those belonging to certain dynamical groups are expected to follow more strictly defined naming schemes.	Skurrile Namen können für verhältnismäßig gewöhnliche Asteroiden (wie z. B. (26858) Misterrogers) verwendet werden, aber von Namen für diejenigen Asteroiden, die zu einer bestimmten dynamischen Gruppe gehören, wird erwartet, dass sie den strenger definierten Benennungsschemen entsprechen.	number_mismatch
7562	In addition to this, Oiltanking is active in the pipeline transport business in 8 countries.	Darüber hinaus ist Oiltanking in acht Ländern in das Pipeline-Transportgeschäft eingebunden.	number_mismatch
7583	The merger with the Allgemeinen österreichischen Baugesellschaft created in 1927 the Allgemeine Baugesellschaft - A. Porr AG, today Porr AG.	"Durch die Fusion mit der ""Allgemeinen österreichischen Baugesellschaft"" entstand 1927 die Allgemeine Baugesellschaft - A. Porr AG, heute Porr AG."	lang_id
7587	Preußische und Chur-Brandenburgische Hof-Wehemutter) in 1690.	Preußische und Chur-Brandenburgische Hof-Wehemutter 1690.	lang_id
7615	II c.21) in 1749.	II c.21) im Jahre 1749.	lang_id
7627	Although the Ambassador rode the same platform as its 1963–64 forebears, the 1965 models looked all-new.	Obwohl der neue Ambassador die gleiche Plattform wie seine Vorgänger von 1963 und 1964 hatte, sah das Modell doch ganz neu aus.	number_mismatch
7679	However, this promoted the full tone of his instruments.	Dies förderte jedoch den vollen Ton seiner Instrumente.	lang_id
7695	"""Your Faces, O My Sisters!"	Eure Gesichter, meine Schwestern!	lang_id
7702	During production, however, the price of the Seabee would rise from its original $3,500 to $4,495 effective July 15, 1946 and to $6,000 on November 15, 1946.	Während der Produktion jedoch stieg der Preis der Seabee von seinen ursprünglichen $3.500 bis auf $4.495 im Juli 1946 und erreichte im November 1946 sogar $6.000.	number_mismatch
7711	His work reflects the refined, although highly unstable, atmosphere at the court of the House of Valois during the French Wars of Religion of 1560 to 1598.	Seine Arbeit spiegelt die raffinierte aber wenig stabile Atmosphäre am Hof der Valois während der Religionskriege (1560–98) wider.	number_mismatch
7713	In addition, Sono Motors provides a guarantee for the Sion of either two years or 100,000 km (62,000 mi).	Darüber hinaus bietet Sono Motors eine Garantie für den Sion von entweder zwei Jahren oder 100.000 km an.	number_mismatch
7720	"Died 1860.'"""	Gestorben 1860“.	lang_id
7723	2007 “Artmix”, Haus der Kunst, Munich / Bayerischer Rundfunk (Group Exhibition).	2007 Artmix, Haus der Kunst, München / Bayerischer Rundfunk (Gruppenausstellung).	lang_id
7743	In addition The Arctic Fox Center is also member of The Wild North and a non-profit-partner of 1% for the planet.	Zusätzlich ist das Polarfuchs Zentrum Mitglied von The Wild North und der erste Non-Profit-Partner Islands von One Percent for the Planet.	number_mismatch
7752	"Ulrich Werner Grimm: ""Die Berliner Gesellschaft für Christlich-Jüdische Zusammenarbeit."	Ulrich Werner Grimm: Die Berliner Gesellschaft für Christlich-Jüdische Zusammenarbeit.	lang_id
7759	"At times, other people also lived in the premises of Kommune 1, such as Dagmar von Doetinchem and Gertrud Hemmer (""Agathe"")."	Zeitweilig wohnten auch noch weitere Personen in den Räumlichkeiten der Kommune I, so z. B. Dagmar von Doetinchem und Gertrud Hemmer („Agathe“).	number_mismatch
7763	Medical Care, 2004, 42(2): Suppl, II57-66.	In: Medical Care, 2004, 42(2): Suppl, II57-66.	lang_id
7764	3 Grand Prix's were awarded to Tapio Wirkkala and Timo Sarpaneva received a Silver Medal.	Drei Grand Prix wurden Tapio Wirkkala verliehen und Timo Sarpaneva erhielt zudem eine Silbermedaille.	number_mismatch
7770	"1980 the free communities Großenseebach and Heßdorf created the ""Verwaltungsgemeinschaft Heßdorf""."	1980 bildeten die selbständigen Gemeinden Großenseebach und Heßdorf die Verwaltungsgemeinschaft Heßdorf.	lang_id
7774	Marek Śnieciński lives in Wroclaw. „Droga na wzgórze”, Wrocław 1996 „Coitus sacralis”, Poznań 2000 „Jak cię milczeć”, Warszawa 2004 „Od Ewy do Marii Magdaleny.	Er lebt in Breslau. „Droga na wzgórze“, Wrocław 1996 „Coitus sacralis“, Poznań 2000 „Jak cię milczeć“, Warszawa 2004 „Od Ewy do Marii Magdaleny.	lang_id
7779	The word Shidōin (指導員) descends from Shido (suru) 指導 (する).	Das Wort Shidōin (指導員) wird von Shidō (suru) (指導 (する)) hergeleitet.	lang_id
7784	In 1954 the former Axbridge Rural District Council gave 59.685 hectares (147.48 acres) of the down to the National Trust to celebrate the Festival of Britain.	1954 schenkte das damalige Axbridge Rural District Council dem National Trust 59,685 ha (147,480 acres) des Downaus Anlass des Festival of Britain.	number_mismatch
7795	S. V. Mal’tseva; E. Iu.	In: S. V. Mal’tseva, E. Iu.	lang_id
7807	"The plaque reads ""Gedenken an Joseph Kardinal Höffner 1906-1987 / Bischof von Münster 1962-1968 / Erzbischof von Köln 1969-1987"" (In gratitude for Cardinal Joseph Höffner 1906-1987 / Bishop of Münster 1962-1968 / Archbishop of Cologne 1968-1987) and also has a quote of the bishop on the occasion of his departure: ""Wenn ihr alles getan habt, was euch befohlen wurde, sollt ihr sagen: wir sind unnütze Knechte!"	Die Tafel ruft zum Gedenken an Joseph Kardinal Höffner 1906-1987 / Bischof von Münster 1962-1968 / Erzbischof von Köln 1969-1987 auf und trägt ein Zitat des scheidenden Bischofs: Wenn ihr alles getan habt, was euch befohlen wurde, sollt ihr sagen: wir sind unnütze Knechte!	lang_id
7811	Behav Ecol Sociobiol.	In: Behav Ecol Sociobiol.	lang_id
7813	Through the incorporation of neighboring communities (today's districts), Munich grew steadily, and with it the fire brigade.	Bis 1900 Durch die Eingemeindung von Nachbargemeinden (heutigen Stadtteilen) wuchs München und damit auch die Feuerwehr ständig an.	number_mismatch
7839	Medici placed 5th in the 1995 Deutscher Spiele Preis.	Medici erreichte den 5. Platz beim Deutschen Spielepreis 1995	lang_id
7861	Killarney Guide.	In: Killarney Guide.	lang_id
7877	Khoury's years in office were marked by great economic growth, but the 1948 Arab-Israeli War (in which Lebanon fought on the Arab side) strained the Lebanese economy with its financial cost and with the influx of some 100,000 Palestinian refugees.	Khourys Amtsjahre wurden von einem großen wirtschaftlichem Wachstum begleitet, aber der Palästinakrieg von 1948, in welchem Libanon an der Seite der Araber gegen Israel kämpfte, belastete die libanesische Wirtschaft mit den finanziellen Kosten und einigen hunderttausend palästinensischen Flüchtlingen.	number_mismatch
7895	Dabney Donovan is also brought back, under armed guard.	Dabney Donovan wurde später ebenfalls zurückgeholt, allerdings stand er fortan immer unter bewaffneter Aufsicht.	length
7912	Kunstdenkmäler, Bayern I: Franken, 1999, pp. 1035 Information board no. 29 in the museum.	Kunstdenkmäler, Bayern I: Franken, 1999, S. 1035 Erklärungstafel Nr. 29 im Museum.	lang_id
7935	Local people took 23 million walks on the Path and spent a further £116 million, and other visitors contributed the remainder.	Die örtliche Bevölkerung hat 23 Millionen Spaziergänge auf dem Weg gemacht und gab weitere 116.000.000 £ aus, und andere Besucher trugen den Rest bei.	number_mismatch
7937	Until the 15th century (during the time of the Byzantine Greek Empire) ancient Greek texts were pronounced exactly like contemporary Greek when they were read aloud.	Bis zum fünfzehnten Jahrhundert (während der Zeit des byzantinischen griechischen Reiches) wurden griechische Texte genauso ausgesprochen wie zeitgenössisches Griechisch, wenn es laut gelesen wurde.	number_mismatch
7946	Marc Savlov of The Austin Chronicle named it the 8th best film of 2007.	Marc Savlov von The Austin Chronicle bewertete ihn als den achtbesten Film des Jahres 2007.	number_mismatch
7961	Gregor Klapczynski, Katholischer Historismus?	Gregor Klapczynski: Katholischer Historismus?	lang_id
7979	1, London 2003, pp. 147; Richardson, Hugh: The Origin of the Tibetan Kingdom, in: The History of Tibet, ed.	1, London 2003, S. 147; Richardson, Hugh: The Origin of the Tibetan Kingdom, in: The History of Tibet, hrsg.	lang_id
7982	The couple wed on July 6, 2014 in Whistler, British Columbia.	Das Paar heiratete am 6. Juli 2014 in Whistler, British Columbia, Kanada.	lang_id
7983	International Journal of Feminist Approaches to Bioethics.	In: International Journal of Feminist Approaches to Bioethics.	lang_id
7990	"""Teraflops Research Chip""."	Teraflops Research Chip (engl.)	lang_id
7992	Marie in present-day Michigan.	Marie im heutigen Michigan.	lang_id
7995	USGS Nonindigenous Aquatic Species Database.	In: USGS Nonindigenous Aquatic Species Database.	lang_id
8020	Michael Goldstein: Michael Goldsteins Methode im ersten Violinunterricht (Michael Goldstein's violin school in 2 volumes).	Michael Goldstein: Michael Goldsteins Methode im ersten Violinunterricht (Heft 1 und Heft 2).	lang_id;number_mismatch
8021	In the 1944 anti-Nazi film The Hitler Gang, she played the wife of Ernst Hanfstaengl.	In dem Anti-Nazifilm The Hitler Gang verkörperte sie die Ehefrau von Ernst Hanfstaengl.	number_mismatch
8032	ÖDP Söyleşileri, 1999, Istanbul: Alan.	ÖDP Söyleşileri (ÖDP-Gespräche), 1999, Istanbul: Alan.	lang_id
8038	An exposition 2005: Jeff Wall.	Eine Ausstellung 2005: Jeff Wall.	lang_id
8043	This is a game in which players pick 10 people they believe will die over the course of the next 12 months.	Hierbei handelt es sich um ein Spiel, bei dem jeder Spieler zehn Personen nennen muss, von denen er glaubt, dass sie im Verlauf der nächsten 12 Monate sterben werden.	number_mismatch
8058	Armenien und der Völkermord: Die Istanbuler Prozesse und die Türkische Nationalbewegung.	Armenien und der Völkermord – Die Istanbuler Prozesse und die türkische Nationalbewegung.	lang_id
8060	During the years of the War of the Spanish Succession (whose North American theater is also known as Queen Anne's War, 1702–13), Belcher's father was retained as a major supplier to the provincial militia and served as the province's commissary general.	Während der Jahre des Spanischen Erbfolgekrieges, welche in Nordamerika auch bekannt wurde als der Queen Anne’s War von 1702 bis 1713, wurde Belchers Vater als wichtiger Anbieter der Provinzmiliz beibehalten und diente als allgemeiner Kommissar der Provinz.	number_mismatch
8067	Website of Mohamed Badawi.	Website von Mohamed Badawi.	lang_id
8072	"""Kingdom Hearts Final Mix Images""."	IGN: Kingdom Hearts Final Mix Images von IGN.	lang_id
8074	"""Kampeter unterstützt Trassen-Resolution""."	Kampeter unterstützt Trassen-Resolution.	lang_id
8097	They had written sacred scripture to bring us nearer to God.	Er soll ja wohl selbst auch Bücher schreiben; nun, wehe ihm, wenn alsdann ein von ihm verfaßtes Buch uns in die Hände fallen sollte!	length
8099	From the following year he was in the ranks as a flautist, next to his uncle, from the Orchestra of the Society of Concerts and later in other orchestras.	Bereits im Alter von 13 Jahren wirkte er neben seinem Onkel als Flötist im Orchester Société des Concerts mit, später auch in weiteren Orchestern.	number_mismatch
8111	A collection of his most significant publications in many of these areas appeared in 1997 as Economy and Society in Prehistoric Europe: changing perspectives.	Eine Sammlung seiner wichtigsten Veröffentlichungen auf vielen dieser Gebiete erschien 1996 unter dem Titel „Economy and Society in Prehistoric Europe: changing perspectives“ (Wirtschaft und Gesellschaft in Europa: perspektivische Veränderungen).	number_mismatch
8139	Over a 30-year career in six parishes, Geoghan was accused of sexual abuse involving more than 130 boys.	Während seiner dreißigjährigen Laufbahn in sechs Gemeinden soll Geoghan mehr als 130 Kinder sexuell missbraucht haben.	number_mismatch
8153	The larger d {\displaystyle d} and/or α {\displaystyle \alpha } , the more free electrons are created.)	Je größer also d {\displaystyle d} und/oder α {\displaystyle \alpha } ist, desto mehr freie Elektronen werden erzeugt.)	lang_id
8160	Her commander, Kapitänleutnant (Kptlt.)	Der Kommandant, Kapitänleutnant (KptLt.)	lang_id
8162	"Among them is the following: ""In summâ quod a caeterorum ritu ac norma desciscerent et sacra mysteria sollemnia orationum et collectarum multiplici varietate celebrarent""."	Darunter findet sich die folgende: „In summâ quod a caeterorum ritu ac norma desciscerent et sacra mysteria sollemnia orationum et collectarum multiplici varietate celebrarent“.	lang_id
8163	Peters, 1868 : Über eine neue Nagergattung, Chiropodomys penicullatus, sowie über einige neue oder weniger bekannte Amphibien und Fische.	Wilhelm Peters: Über eine neue Nagergattung, Chiropodomys penicullatus, sowie über einige neue oder weniger bekannte Amphibien und Fische.	lang_id;number_mismatch
8172	In:Top.	In: Top.	lang_id
8177	Ballyhannon Castle was one of the castles noted by Sir Daniel O'Brien, Viscount Clare, as being suitable for the imprisonment of Protestant settlers who were now being dispossessed.	Ballyhannon Castle war eine der Burgen, die von Sir Daniel O’Brien, 3. Viscount Clare, als geeignet als Gefängnis für protestantische Siedler erachtet wurden, die nun enteignet wurden.	number_mismatch
8179	"""Einsteins Nichten: Die tragische Geschichte von zwei Schwestern"" ."	Stefan Dosch: Einsteins Nichten: Die tragische Geschichte von zwei Schwestern.	lang_id
8191	Zoologisches Forschungsmuseum Alexander Koenig.	In: Zoologisches Forschungsmuseum Alexander Koenig.	lang_id
8206	100 Things to Do Before You Die.	100 Dinge die man tun sollte, bevor man 18 wird.	lang_id;number_mismatch
8218	Ludwig von Eyb, Die Geschichten und Taten Wilwolts von Schaumburg, ed.	Ludwig von Eyb, Die Geschichten und Taten Wilwolts von Schaumburg.	lang_id
8236	"American genius""."	An American Genius“).	lang_id
8240	"After that, the new ""Diesel hut"" was built in the summer of 2001 a few metres below its ruins, so called because it is located at the site of the former Diesel generator station."	Im Sommer 2001 wurde die neue „Dieselhütte“ wenige Meter unterhalb der Ruinen der Prijut 11 eröffnet (so bezeichnet, da sie sich an Stelle der vormaligen Dieselgeneratorenstation befindet).	number_mismatch
8241	During that first winter season a room with two beds cost 7.00 francs, an evening meal 6.00 per person and breakfast 1.50 francs.	In der ersten Wintersaison kostete das Zimmer mit zwei Betten 7 Franken; ein Frühstück 1.50 Franken, ein Abendessen 6 Franken.	number_mismatch
8247	By 2008, the U.S. church had trained 5.8 million children to recognize and report abuse.	Bis 2008 hatte die römisch-katholische Kirche in den Vereinigten Staaten entsprechend der Charta 5,8 Millionen Kinder unterrichtet, wie Missbrauch zu erkennen und zu melden sei.	length
8260	Monographs with Peter Felser (1999): Raki am Igman.	Monografien mit Peter Felser: Raki am Igman.	number_mismatch
8280	Eine Audiotour durch Berlin von Karin Sander, Temporäre Kunsthalle Berlin, Germany 2009: Gestern oder im 2.	Eine Audiotour durch Berlin von Karin Sander, Temporäre Kunsthalle Berlin 2009: Gestern oder im 2. Stock.	lang_id
8286	"""Saussurea costus (Falc.)"	Synonyme für Saussurea costus (Falc.)	lang_id
8291	"Tobias Wunschik: Die Hauptabteilung XXII: ""Terrorabwehr"" ."	Tobias Wunschik: Die Hauptabteilung XXII: „Terrorabwehr“ .	lang_id
8296	"His motto was, ""sharpen your bayonet""."	Sein Leitspruch lautete „sharpen your bayonet“.	lang_id
8302	"Two psalms (or rather verses of two psalms) - ""Sitvit anima mea usque vivum, quemadmodum."	Zwei Psalmen (in Auswahl) – „Sitvit anima mea usque vivum, quemadmodum.	lang_id
8312	Star-Spangled Comics #17.	Star-Spangled Comics (dt.	lang_id;number_mismatch
8350	Rhein-Mosel-Verlag (historical novel) 2005: Burg Hammerstein.	Rhein-Mosel-Verlag (Historischer Roman) 2005: Burg Hammerstein.	lang_id
8352	In an interview with Patrick McGrath in 1989, Ackroyd said: I enjoy it, I suppose, but I never thought I'd be a novelist.	In einem Interview mit Patrick McGrath sagte Peter Ackroyd: I enjoy it, I suppose, but I never thought I’d be a novelist.	number_mismatch
8354	"""Schloss Reinhardsbrunn: 20.000 Euro für Sicherungsarbeiten"" ."	Schloss Reinhardsbrunn: 20.000 Euro für Sicherungsarbeiten.	lang_id
8357	"He was released on June 21, 2014 ""Dan DePalma Inks Deal With New York Jets""."	Abgerufen am 14. Dezember 2018 (englisch).  Dan DePalma Inks Deal With New York Jets.	number_mismatch
8377	In 1994, Lipper gifted $3.2 million to Harvard to establish a chair in Holocaust Studies.	1994 vergab Lipper außerdem 3.200.000 $ Begabtenförderung nach Harvard, um einen Lehrstuhl für Holocaust-Studien einzurichten.	number_mismatch
8389	Mitglied der Zentralbehörde des Bundes der Kommunisten und Präsident des Kölner Arbeitervereins.'	Mitglied der Zentralbehörde des Bundes der Kommunisten und Präsident des Kölner Arbeitervereins.	lang_id
8424	The Grocer (website), Jan 26, 2013 (	Video in: Schweizer Fernsehen, ECO vom 3. Dezember 2012 (Online, 8.27 Minuten ( (	length;number_mismatch
8430	1133.at.	In: 1133.at.	lang_id
8435	Tut, tut!	Tut, Tut!	lang_id
8439	On the other hand, Heinrich Fichtenau believed the Annales mosellani depended on the Annales laureshamenses.	Heinrich Fichtenau hingegen nimmt an, dass die Annales mosellani auf den Annales laureshamenses beruhen.	lang_id
8453	Terminal 1 (styled as T1) opened on 30 June 1972 and was used for flights to non-Schengen destinations, along with flights to Ceuta and Mellila.	Das Terminal 1 wurde vor Eröffnung des Terminal 3 für Nicht-Schengenflüge und Flüge nach Ceuta und Mellia verwendet.	number_mismatch
8455	Diana Cooper: The Biography of Lady Diana Cooper.	Lady Diana Cooper: Die Memoiren der Lady Diana Cooper.	lang_id
8457	X.J. Kennedy et al. The Bedford Reader, 10th edition.	X. J. Kennedy u. a.: The Bedford Reader, 13. Aufl.	number_mismatch
8472	Large, interconnected medaillons fill the field.	Große, verbundene Medaillons füllen das Feld aus.	lang_id
8480	Volume 9, Part I. The Archetypes and the Collective Unconscious.	Band 9, Halbband 1: Die Archetypen und das kollektive Unbewusste.	number_mismatch
8494	W. M. Weigert, H. Offermanns, P. Scherberich: D-Penicillamin - Production and Properties, in: Angew.	W. M. Weigert, H. Offermanns, P. Scherberich: D-Penicillamin – Production and Properties, in: Angew.	lang_id
8499	The answer is undoubtedly Tony Blair.	Der Verantwortliche sei Tony Blair.	lang_id
8503	Nestlé has 447 factories, operates in 189 countries, and employs around 339,000 people.	Nestlé betreibt 447 Produktionsstätten, ist in 189 Ländern aktiv und beschäftigt insgesamt rund 335'000 Mitarbeiter.	number_mismatch
8527	On December 22, 1988, Soviet scientists announced that the sarcophagus would only last 20–30 years before requiring restorative maintenance work.	Im Dezember 1988 gaben sowjetische Wissenschaftler bekannt, dass der Sarkophag eine vorgesehene Lebenszeit von lediglich 20 bis 30 Jahren habe.	number_mismatch
8529	Halloran forces Logan to go first.	Halloran zwingt Logan zu beginnen.	lang_id
8554	Evangelische Brüder-Unität - Herrnhuter Brüdergemeine.	Evangelische Brüder-Unität: Die Losungen der Herrnhuter Brüdergemeine.	lang_id
8558	Reinhard Pohanka, Ingrid Thurner: The Khan of Tyrol.	Reinhard Pohanka, Ingrid Thurner: Der Khan aus Tirol.	lang_id
8576	In: Fabula.	In: FABULA.	lang_id
8579	"""No es bueno que el hombre esté solo""."	Es ist nicht gut, dass der Mensch allein sei.	lang_id
8607	Yet another re-release followed on 9 February 2009, under the title of Please: Remastered.	Ein weiterer Rerelease folgte im Februar 2009 als Please: Remastered.	number_mismatch
8612	"""Kirchenfenster""."	Kirchenfenster.	lang_id
8615	The bus stops at Toroyoc, about 6 km from Iruya.	Der Bus hält an der Haltestelle Toroyoc, etwa 6 km von Iruya entfernt.	lang_id
8645	Best Pract Res Clin Obstet Gynaecol.	In: Best Pract Res Clin Obstet Gynaecol.	lang_id
8658	The Punch — Nigeria's Most Widely Read Newspaper.	In: The Punch - Nigeria's Most Widely Read Newspaper.	lang_id
8666	Flying Stars on the apron.	Leteće zvezde auf dem apron.	lang_id
8667	In 1989, the Lowrey Organ Company produced its 1,000,000th organ.	1989 produzierte die Lowrey Organ Company ihre einmillionste Orgel.	number_mismatch
8682	Polling at wahlrecht.de	Urteil bei wahlrecht.de	lang_id
8684	Due to the high average wind speed of 5.2 m/s in the annual average on the Hornisgrinde in the mid-1990s a commercial wind park was established.	Aufgrund der hohen Durchschnittswindgeschwindigkeit von 5,2 m/s im Jahresmittel auf 10 m Höhe wurde auf der Hornisgrinde Mitte der 1990er Jahre ein kommerzieller Windpark errichtet.	number_mismatch
8696	At the time that the game was played, Sarwer was 7 and Waitzkin 9 years old.	Als das Turnier gespielt wurde war Sarwer sieben Jahre und Waitzkin war neun Jahre alt.	number_mismatch
8702	Berenberg, Gossler & Co.: Die Geschichte eines deutschen Privatbankhauses, Berenberg Bank, Hamburg 1990 Percy Ernst Schramm, Kaufleute zu Haus und über See.	Berenberg, Gossler & Co.: Die Geschichte eines deutschen Privatbankhauses, Berenberg Bank, Hamburg 1990 Percy Ernst Schramm: Kaufleute zu Haus und über See.	lang_id
8705	After a failed negotiation for a Donation Land Claim in Martin’s Bluff, four miles south of Kalama, Northern Pacific officials purchased 700 acres in Kalama for the terminus of the new railroad as well as a new headquarters.	Nach fehlgeschlagenen Verhandlungen über ein Donation Land Claim in Martin’s Bluff, vier Meilen (6,4 km) südlich von Kalama, erwarben die Verantwortlichen der Northern Pacific 700 Acre (283 ha) für eine Endstation der Bahnstrecke und auch für einen neuen Hauptsitz.	number_mismatch
8708	Beginning in 2012, the Wiener Linien on bus routes 2A and 3A use electric buses.	Bei den Wiener Linien verkehren seit Ende 2012 auf den Innenstadtbuslinien 2A und 3A Elektrobusse.	lang_id
8711	Guadalupe is economically and socially tied to the city of Santa Maria, which is about ten miles to the east.	Wirtschaftlich und gesellschaftlich ist Guadalupe eng an das ungefähr 13 km östlich gelegene Santa Maria gebunden.	number_mismatch
8722	Natl Toxicol Program Tech Rep Ser.	In: Natl Toxicol Program Tech Rep Ser.	lang_id
8729	She was the only submarine which had a clergyman on board (Wilhelm Meinhold, Marinepfarrer).	U 111 war das einzige U-Boot, das einen Geistlichen an Bord hatte (Wilhelm Meinhold, Marinepfarrer).	number_mismatch
8731	Books F. Vogel, P. Propping: Ist unser Schicksal mitgeboren?	F. Vogel, P. Propping: Ist unser Schicksal mitgeboren?	lang_id
8736	Infusionsthierchen als vollkommene Organismen: ein Blick in das tiefere organische Leben der Natur.	C. G. Ehrenberg: Die Infusionsthiere als vollkommene Organismen: Ein Blick in das tiefere organische Leben der Natur.	lang_id
8743	Jesus: Leben – Wirken – Schicksal (in German).	Jesus: Leben – Wirken – Schicksal.	lang_id
8758	"About 30 ""hard core"" rioters attacked the home of William Withering, an Anglican who attended the Lunar Society with Priestley and Keir."	Etwa dreißig Angehörige des „harten Kerns“ der Aufständischen griffen das Haus von William Withering an, einem Anglikaner, der wie Priestley und Keir der Lunar Society angehörte.	number_mismatch
8778	At 11:00, Tōya Maru arrived at Hakodate after its first journey that day from Aomori.	Um 11 Uhr erreichte die Tōya Maru Hakodate auf ihrer ersten Überfahrt von Aomori an diesem Tag.	number_mismatch
8829	Homo Ludens: Proeve Ener Bepaling Van Het Spelelement Der Cultuur.	Homo Ludens: Versuch einer Bestimmung des Spielelementes der Kultur.	lang_id
8833	"""Die Hesse'sche Curve in rein geometrischer Behandlung""."	Die Hesse’sche Curve in rein geometrischer Behandlung.	lang_id
8847	In what was undoubtedly a war crime, thirty-five medical staff and patients were murdered.	In einem zweifellosen Kriegsverbrechen wurden 35 medizinische Mitarbeiter und Patienten ermordet.	number_mismatch
8879	The next English creation was in favour of Esme Stewart, the third Duke of Lennox.	Die nächste englische Verleihung ging an Esmé Stewart, 3. Duke of Lennox.	number_mismatch
8892	Stealth-Kampfflugzeuge: Täuschen und Tarnen in der Luft.	D. Richardson: Stealth-Kampfflugzeuge: Täuschen und Tarnen in der Luft.	lang_id
8893	The party was also helped by the 1918 Representation of the People Act which increased the Irish electorate from around 700,000 to about two million.	Auch das Gesetz „Representation of the People Act“ aus dem Jahr 1918, das die irische Wählerschaft mit einem Schritt von 700.000 auf ca. 2.000.000 erhöhte, kam der Partei zugute.	number_mismatch
8898	This meant, for example, that from 7:00 pm all trains have attendants.	So sind beispielsweise ab 19 Uhr alle Züge mit Zugbegleitern besetzt.	number_mismatch
8901	Journal of Projective Techniques.	In: Journal of Projective Techniques.	lang_id
8911	Zarah Leander: das Leben einer Diva.	Jutta Jacobi: Zarah Leander: Das Leben einer Diva.	lang_id
8917	Network Rail Virtual Archive.	In: Network Rail Virtual Archive.	lang_id
8927	The Hip Sing Association, a Chinese cultural group, moved its Chicago offices to Argyle Street in 1971, and by 1974 Wong and the Hip Sing Association owned 80% of the three-block stretch on Argyle.	Die Hip Sing Association, eine chinesische Kulturvereinigung, siedelte 1971 ihre Chicagoer Büros hier an, und um 1974 besaßen Wong und die Hip Sing Association achtzig Prozent der drei Straßenblöcke an der Argyle Street.	number_mismatch
8931	Boris Rudjak: Ein Irrtum ist zu korrigerien.	Boris Rudjak: Ein Irrtum ist zu korrigieren.	lang_id
8960	Gardel in 1904 was detained in a commissariat in Florencio Varela, and according to the statements in the records, he had a height of 160 centimeters.	Gardel wurde 1904 in einer Polizeistation im Ort Florencio Varela festgenommen; wie in den Akten festgehalten wurde, maß er 1,60 Meter.	number_mismatch
8979	Track 8 is a Joy Division cover.	Track acht ist ein Cover des gleichnamigen Songs von Joy Division.	length;number_mismatch
8987	Drugs Today (Barc).	In: Drugs Today (Barc).	lang_id
8995	Act I: REPRISE MCMXCVIII (re-release of Act I with a bonus track) 2000 Love Poems for Dying Children...	Act I; REPRISE MCMXCVIII (Neuausgabe des 1996er-Albums mit Bonus-Track) 1999 Absolution (EP) 2000 Love Poems for Dying Children...	number_mismatch
8997	He is probably best known for Malki Ba-Kodesh, a 6-volume work he published between 1919 and 1928, in which he explores the halakhot (Jewish laws) that might govern a future Jewish state.	Seine vielleicht bekannteste Arbeit ist Malki Ba-Kodesh, eine sechsbändige Reihe die er zwischen 1919 und 1928 veröffentlichte und in der er die Halacha (jüdisches Recht) untersucht, mit der ein möglicher zukünftiger jüdischer Staat regiert werden könnte.	number_mismatch
9007	Zeitgenössische Mecklenburgische Maler, verbunden mit Paul-Wallat-Geburtstagsausstellung.	In: Zeitgenössische Mecklenburgische Maler, verbunden mit Paul-Wallat-Geburtstagsausstellung.	lang_id
9013	The orchestral suite, Op. 81a, consists of 8 movements, lasting around 40 minutes.	Die Orchestersuite, Op. 81a besteht aus acht Abschnitten, bei einer Gesamtdauer von 40 Minuten.	number_mismatch
9014	Behaviour 133: 697–716, 1996 A. Lang:Die Spinnseide des Brautgeschenks bei Pisaura mirabilis (Clerck 1757) (Araneae, Pisauridae).	Behaviour 133: 697-716, 1996 A. Lang: Die Spinnseide des Brautgeschenks bei Pisaura mirabilis (Clerck 1757) (Araneae, Pisauridae).	lang_id
9050	The Spaniards did not visit the Musqueam village, but anchored 2 miles offshore.	Die Spanier besuchten das Musqueam Dorf nicht, aber ankerten zwei Meilen vor der Küste.	number_mismatch
9066	"""THE LADY OF THE CASTLE ; CTR THE STORY OF EIBHLEEN O'BRINN."""	Über die Burg gibt es die Geschichte von „The Lady of the Castle; CTR The Story of Eibhleen O'Brinn“.	lang_id
9071	Das Alte Reich in der deutschen Geschichte.	Das alte Reich in der deutschen Geschichte.	lang_id
9074	Furthermore, they provided shelter to 6-10 persecuted Jews at any time.	Außerdem beherbergten sie zu jeder Zeit sechs bis zehn verfolgte Juden bei sich.	number_mismatch
9075	Because of the popularity of the parties and the lack of ventilation, the music had to be interrupted every two hours and to open the windows in order to supply sufficient oxygen.	Aufgrund der großen Beliebtheit der Partys und der mangelnden Belüftungsmöglichkeiten war es notwendig, die Musik alle zwei Stunden für ca. 10 Minuten zu unterbrechen, um die Fenster zu öffnen und neuen Sauerstoff zuzuführen.	number_mismatch
9076	An early public sign of improving relations between the two organizations occurred three months later at the founding congress of the International Council of Women, which the NWSA organized and hosted in Washington in conjunction with the fortieth anniversary of the Seneca Falls Convention.	Ein frühes öffentliches Zeichen der sich verbessernden Beziehungen zwischen den zwei Verbänden sah man drei Monate später beim Gründungskongress des International Council of Women, den die NWSA in Washington organisierte und betreute – in Verbindung mit dem 40. Jahrestag der Seneca Falls Convention.	number_mismatch
9083	This version was accepted into use by the Swedish Army in 1991 as the Prickskyttegevär 90 (Psg 90).	Diese Version wurde bei der schwedischen Armee ab dem Jahr 1988 als das Prickskyttegevär 90 (Psg 90) in Dienst gestellt.	number_mismatch
9088	Handbuch österreichischer Autorinnen und Autoren jüdischer Herkunft.	In: Handbuch österreichischer Autorinnen und Autoren jüdischer Herkunft.	lang_id
9099	COLLECTING SOUNDS WITH...	Kunst sammeln mit ...	lang_id
9104	H. Doctor! 3rd secret.	H. Doctor! 3. Geheimnis.	lang_id
9105	Population Totale, Population de 18 Ans et Plus Menages Et Densites Estimes en 2009	POPULATION TOTALE, POPULATION DE 18 ANS ET PLUS MENAGES ET DENSITES ESTIMES EN 2009.	lang_id
9148	Fischer, Karl: Phantom Prikryl.	Karl Fischer: Phantom Prikryl.	lang_id
9160	We the Women: Career Firsts of Nineteenth-Century America.	In: We the Women: Career Firsts of Nineteenth-Century America.	lang_id
9180	"In the 21st century Kotipizza's motto was ""Pizza, Love & Understanding""."	Das Motto von Kotipizza ist „Pizza, Love & Understanding“.	number_mismatch
9204	Beduinennamen aus Zentralarabien.	1902 Beduinennamen aus Zentralarabien.	lang_id;number_mismatch
9217	Excavations between 1969 and 1972 established the broad form of the castle; this was supplemented by further work in 1995–6 and another phase of excavations in 2007.	Ausgrabungen zwischen 1969 und 1972 enthüllten die große Ausdehnung der Burg; dies wurde durch weitere Arbeiten in den Jahren 1995 und 1996, sowie eine weitere Ausgrabungsphase 2007 ergänzt.	number_mismatch
9221	From the Ortsteil of Hausen came the peasant leader Kaspar Leyser.	Aus Hausen stammt der Bauernführer Kaspar Leyser.	lang_id
9230	J. Presl (Syn.	J.Presl (Syn.	lang_id
9235	In 1983-84, he was National Campaign Director for the Reagan-Bush '84 campaign, which won 49 of 50 states.	1983–1984 war er der National Campaign Director der Reagan-Bush Kampagne 1984, die 49 der 50 Bundesstaaten gewinnen konnte.	number_mismatch
9236	Ann Clin Microbiol Antimicrob.	In: Ann Clin Microbiol Antimicrob.	lang_id
9244	Die Neven-verteilung in der Haut in ihrer Beziehung zu den Erkrankungen der Haut.	Die Nervenverteilung in der Haut in ihrer Beziehung zu den Erkrankungen der Haut.	lang_id
9260	In May 1943, some 330 Australians were serving in forty-one squadrons in India, of which only nine had more than ten Australians.	Im Mai 1943 dienten etwa 330 Australier in 41 britischen Staffeln in Indien, wobei nur neun über jeweils mehr als zehn Australier verfügten.	number_mismatch
9285	Hans Jaeger: Krupp, Hermann.	Hans Jaeger: Krupp, Hermann.	lang_id
9295	In the late 1960s, she replaced Penelope Gilliatt as film critic for The Observer.	Später ersetzte sie Penelope Gilliatt als Filmkritikern beim Observer.	number_mismatch
9307	"""Carlos Ruiz Zafón: The Prisoner of Heaven""."	Carlos Ruiz Zafón: Der Gefangene des Himmels.	lang_id
9348	The fire was discovered between 9 and 10 in the morning in the storage barn of a toy maker called Joseph Scherbaum.	Das Feuer wurde zwischen neun und zehn Uhr vormittags in der Scheune des Zeugmachers Joseph Scherbaum entdeckt.	number_mismatch
9349	The Doc Searls Weblog.	In: Doc Searls Weblog.	lang_id
9350	Clearwater Times.	In: Clearwater Times.	lang_id
9357	At age 50, Valeska began painting and at age 70 began sculpting.	Im Alter von fünfzig Jahren begann Valeska mit der Malerei und im Alter von siebzig mit der Bildhauerei.	number_mismatch
9371	Korea.net : The official website of the Republic of Korea.	In: Korea.net : The official website of the Republic of Korea.	lang_id
9374	The United States Army Air Corps provided 1,160 aircraft, 1,050 cadets, 450 officers and instructors and 2,543 enlisted men for the film.	Das United States Army Corps stellte 1.160 Flugzeuge, 1.050 Kadetten, 540 Offiziere und Ausbilder und 2.543 Mannschaftsmitglieder für den Film zur Verfügung.	number_mismatch
9387	Historic Fort Belvoir.	In: Historic Fort Belvoir.	lang_id
9394	"""DFB-Präsidium legt Spielorte für Bewerbung um EURO 2024 fest"" ."	DFB-Präsidium legt Spielorte für Bewerbung um EURO 2024 fest.	lang_id
9433	Over the next 150 million years, these two parts moved towards each other, eventually uniting about 440 million years ago.	Während der nächsten 50 Millionen Jahre drifteten die beiden Hälften wieder aufeinander zu, bis sie sich schließlich vor etwa 440 Millionen Jahren wieder vereinigten.	number_mismatch
9435	Künstlerhaus, Vienna 2010: Moon Ride.	Künstlerhaus, Wien 2010: Moon Ride.	lang_id
9460	L.E.J. Brouwer Begründung der Mengenlehre unabhängig vom logischen Satz vom ausgeschlossenen Dritten.	Luitzen Egbertus Jan Brouwer: Begründung der Mengenlehre unabhängig vom logischen Satz vom ausgeschlossenen Dritten.	lang_id
9464	In November the following year it was 78.88 MW, February 1967 79.84 MW, and 140 MW by 1969.	Im November 1965 waren es 78,88 MW, im Februar 1967 79,84 MW und 140 MW im Jahr 1969.	number_mismatch
9467	Conversely, not all Nýall followers joined Ásatrúarfélagið.	Andererseits traten auch nicht alle Nýall-Anhänger der Ásatrúarfélagið bei.	lang_id
9472	In 1992 the Alouette II was put out of service in the Lufttransport Staffel 2.	1992 wurde die Alouette II aus der Staffel ausgemustert.	number_mismatch
9473	1976: Guy Cornou in C Cook, Mallard 9m.	1976 : Guy Cornou auf C Cook, Mallard 9m.	lang_id
9488	Other national Caritas organisations were soon formed in Switzerland (1901) and the United States (Catholic Charities, 1910).	Bald entstanden weitere nationale Caritas-Organisationen in der Schweiz (1901), in Österreich (1903) und in den USA (Catholic Charities, 1910).	number_mismatch
9501	Can We Trust the New Testament?.	Wie verstehen wir das Neue Testament?	lang_id
9502	The area belongs to Weststeiermark.	Das Gebiet gehört zur Weststeiermark.	lang_id
9503	Open Wonderland (originally Project Wonderland) is a Java open-source toolkit for creating collaborative 3D virtual worlds.	Open Wonderland (ursprünglich Project Wonderland) ist ein 100 % Java Open Source Toolkit, um dreidimensionale, kollaborative Virtuelle Welten zu erstellen.	number_mismatch
9517	"""Nieuwe burgemeester Jan Jambon legt eed af""."	Damit ist Bürgermeister Jamil einverstanden.	lang_id
9545	"Reger demanded many rehearsals of the conductor and wrote to him: ""Die Hörer des Psalms müssen nachher als 'Relief‘ an der Wand kleben; ich will, dass der Psalm eine niederschmetternde Wirkung bekommt!"	Reger hatte dem Dirigenten geschrieben: „Die Hörer des Psalms müssen nachher als ‚Relief‘ an der Wand kleben; ich will, dass der Psalm eine niederschmetternde Wirkung bekommt!	lang_id
9562	In 1996, Waltrip posted two top-ten finishes.	Im Jahre 1996 lieferte Waltrip zwei Top-10-Ergebnisse ab.	number_mismatch
9595	The case was before the Public Utilities Commission of Ohio, the Ohio Supreme Court and the United States Supreme Court, and lasted fourteen years.	Der Fall wurde vor der Public Utilities Commission of Ohio, dem Supreme Court of Ohio und dem Obersten Gerichtshof der Vereinigten Staaten verhandelt, und kam erst nach 14 Jahren zum Abschluss.	number_mismatch
9609	His first band circa 1984, was called D.V.A. (Direct Vole Assault).	Seine erste Band nannte sich D.V.A. (Direct Vole Assault).	number_mismatch
9610	Korbinian Aigner: Äpfel und Birnen.	Korbinian Aigner: Äpfel & Birnen.	lang_id
9617	The First Victim.	Das erste Opfer.	lang_id
9620	"His motorcycles displayed the trademark ""Merkel Light"" on the tank."	Motorradmodelle trugen nun die Bezeichnung „Merkel-Light“ auf dem Tank.	lang_id
9632	The couple lived in Great Britain until Paterson died unexpectedly.	Das Paar lebte in Großbritannien, bis Paterson 1910 unerwartet starb.	number_mismatch
9633	Aston argued that the move would disturb his farming and he would be forced to sell his sixty cattle and his plough oxen.	Aston wandte ein, dass der Umzug seine Landwirtschaft beeinträchtigen würde und er seine 60 Kälber und Pflugochsen verkaufen müsste.	number_mismatch
9636	"""Alltag in der DDR""."	Alltag in der DDR.	lang_id
9637	Observant Hindus never eat beef (gaiko masu).	Praktizierende Hindus hingegen verzehren niemals Rindfleisch (gaiko masu).	lang_id
9644	For a finer mental cultivation he found himself not suitable. — Johann Gottfried Schadow: Polyklet oder von den Maasen des Menschen nach dem Geschlechte und Alter mit Angabe der wirklichen Naturgröße nach dem rheinländischen Zollstocke und Abhandlung von dem Unterschiede der Gesichtszüge und Kopfbildung der Völker des Erdboden, als Fortsetzung des hierüber von Peter Camper ausgegangenen von Gottfried Schadow.	Zu einer feineren Geistesbildung fand er sich nicht geeignet.“ – Johann Gottfried Schadow: Gottfried Schadow: Polyklet oder von den Maasen des Menschen nach dem Geschlechte und Alter mit Angabe der wirklichen Naturgröße nach dem rheinländischen Zollstocke und Abhandlung von dem Unterschiede der Gesichtszüge und Kopfbildung der Völker des Erdboden, als Fortsetzung des hierüber von Peter Camper ausgegangenen von Gottfried Schadow.	lang_id
9647	The next season the number of teams had increased to six, and in 1967 to 12.	In der folgenden Saison erhöhte sich die Anzahl der Mannschaften auf sechs und 1967 auf zwölf.	number_mismatch
9649	Fonte Velha (Bensafrim, Lagos).	Stele von Fonte Velha (Bensafrim, Lagos).	lang_id
9659	"""WhatsApp und Alternativen: Datenschutz im Test"" ."	WhatsApp und Alternativen – Datenschutz im Test. test.de.	lang_id
9670	Blick nach Rechts.	Blick nach rechts.	lang_id
9678	In: Transactions of the ASME Journal of Dynamic Systems, Measurement, and Control, September 1975, pgs.	In: ASME Journal of Systems, Measurement and Control, June 1975.	lang_id
9707	Evans Blue came together in early 2005.	Evans Blue entstand Anfang 2005.	lang_id
9717	Developed for the Bombardier Challenger 300.	Es handelte sich dabei um eine Bombardier Challenger 300.	lang_id
9731	Most of the early publishers were - or became - very active politicians up to the mid-1800s.	Die meisten der frühen Herausgeber waren – oder wurden – bis in die Mitte des 19. Jahrhunderts sehr aktive Politiker.	number_mismatch
9736	Return to Culture.	Zurück zur Kultur.	lang_id
9738	"""A. Forbin cntd."" in The Revenue Journal, Vol.XIX, No.4., Whole No.76, March 2009, pp.156-158."	A. Forbin cntd. in The Revenue Journal, Vol.XIX, No. 4., März 2009, S. 156–158.	number_mismatch
9740	Around the year 2000 there were possibly no active speakers left, but there are probably some people with passive knowledge who grew up with their grandparents.	Um die Jahrtausendwende gab es möglicherweise keine aktiven Sprecher mehr, jedoch ist davon auszugehen, dass einige Personen, die damals mit ihren Großeltern aufwuchsen, noch über passive Kenntnisse verfügen.	number_mismatch
9774	"Palache's university successor, M.A. Been, said of him: Voor mijn voorganger in Amsterdam, de joodse geleerde Palache, die de gehele Biblia Hebraica uit zijn hoofd kende (""For my predecessor in Amsterdam, the Jewish scholar Palache, knew all the Biblia Hebraica from his head"")."	Palaches Nachfolger an der Universität M.A. Been, sagte über ihn: „Mein Vorgänger in Amsterdam, der jüdischen Gelehrte Palache, kannte die ganze hebräische Bibel aus dem Kopf“.	lang_id
9777	In varve years, the Subboreal corrsponds to 5660 to 2750 years BP.	In Warvenjahren entspricht das Subboreal dem Zeitraum 5660 bis 2750 Jahre BP.	lang_id
9782	(1960) Soldat in der Telegruphen- und Nachrichtentruppe.	Soldat in der Telegraphen- und Nachrichtentruppe.	lang_id;number_mismatch
9788	Mary and William sold three acres (about one-and-a-quarter hectares) of their newly acquired land at the southern tip of the island (Cape Florida) to the U.S. government for US$225.	Mary und William verkauften 1,25 Hektar ihres neu erworbenen Landes an der Südspitze der Insel (Cape Florida) an die US-Regierung für 225 US$.	number_mismatch
9798	From 2001 onwards, this unit was converted for use as a JR Central test train for testing new digital ATC equipment on the Tokaido Shinkansen.	Ab 2001 wurde die J1 als Testzug für die JR Central eingesetzt, um neues digitales ATC Equipment auf der Tokaido Shinkansen zu testen.	number_mismatch
9848	"Open Source Meets Business Presentation ""Compact Open Source SoftPBX für VoIP-Lösungen in kleinen und mittleren Unternehmen"", Open Source Meets Business (conference presentation), Nuremberg Germany, 23 January 2008."	"Open Source Meets Business Presentation ""Compact Open Source SoftPBX für VoIP-Lösungen in kleinen und mittleren Unternehmen"", Open Source Meets Business (conference presentation), Nuremberg Germany, 23. Januar 2008."	lang_id
9853	Naji Hakim : Werke für Klavier, Nicolas Chevereau, Klavier, Rejoyce Classique.	Naji Hakim: Werke für Klavier, Nicolas Chevereau, Klavier, Rejoyce Classique.	lang_id
9855	In: Hartford Courant, April 24, 2012 () Police photography of Richard Reardon's archive Police Search for Victims of Child Porn Found in Doctor's Home 10 Years After His Death.	In: Hartford Courant, December 12, 2007 (online) Aufnahme des geheimen Bilddepots Police Search for Victims of Child Porn Found in Doctor's Home 10 Years After His Death.	number_mismatch
9865	"Die vier Fassungen der ""Nibelungenklage""."	Die vier Fassungen der „Nibelungenklage“.	lang_id
9868	The aircraft was carrying 47 passengers and 5 crew members and had been on a scheduled flight from Kandahar to Farah.	An Bord waren 47 Passagiere und fünf Besatzungsmitglieder auf einem planmäßigen Flug von Kandahar nach Farah.	number_mismatch
9869	"""""Poesia Concreta e Visual""""."	Konkrete und Visuelle Poesie.	lang_id
9872	The series will also receive 3 OVA episodes titled Extra Stage that will premiere on March 20, 2019.	Die Serie wird auch drei OVA-Episoden mit dem Titel Extra Stage erhalten, die am 20. März 2019 Premiere haben werden.	number_mismatch
9889	"""Polis Paper: Wie junge Menschen die OSZE reformieren wollen""."	Abgerufen am 6. Mai 2012.  Polis Paper: Wie junge Menschen die OSZE reformieren wollen.	lang_id;number_mismatch
9901	In 1959, Julien ceased trying to build his own race cars.	1969 nahm Julien den Bau eigener Rennwagen wieder auf.	number_mismatch
9903	From Königshütte two alternative routes go to Altenbrak.	Von Königshütte aus führen zwei Alternativrouten nach Altenbrak.	lang_id
9952	"2 December 1977: assassination of Laïd Sebaï of the Amicale des Algériens en Europe (""Friends of Algerians in Europe"") in Paris."	2. Dezember 1977: Ermordung von Laïd Sebaï, Mitglied des Amicale des Algériens en Europe („Freunde der Algerier in Europa“) in Paris.	lang_id
9963	Since the timetable change on 12 December 2010, the Rhein-Haard-Express trains have operated with five instead of four carriages.	Seit dem gleichen Fahrplanwechsel im Dezember 2010 verkehrt der Rhein-Haard-Express mit nunmehr 5 statt 4 Wagen.	number_mismatch
9969	Towns with central administrative functions are Zell (pop. in 2009 = 4,200) and Cochem (pop. in 2009 = 4,900).	Städte mit Mittelpunktfunktion sind Zell (2009 = 4200 Einw.) und Cochem (2009 = 4900 Einw.)	lang_id
9993	On 11 December 2013, The Hollywood Reporter posted that South Tyrol's regional film board added $1 million to the film's funding.	Am 11. Dezember 2013 schrieb die Fachzeitschrift The Hollywood Reporter, dass die Südtiroler regionale Filmförderung eine weitere Million US-Dollar zur Finanzierung beigesteuert habe.	number_mismatch
10016	At the same time, Łaski lectured at the INS and, after its closure, at the University for Social Sciences at the Central Committee of the Polish United Workers' Party (Wyższa Szkoła Nauk Społecznych przy KC PZPR – WSNS).	Nebenbei unterrichtete Łaski am INS und nach deren Auflösung an der Hochschule der Sozialen Wissenschaften beim Zentralkomitee der Polnischen Vereinigten Arbeiterpartei (Wyższa Szkoła Nauk Społecznych przy KC PZPR, WSNS).	lang_id
10049	"""Johann-Philipp-Reis-Preis""."	Johann-Philipp-Reis-Preis.	lang_id
10050	The gangster-rap movement in Germany derived its roots from the '90s and since 2003/2004 has become a successful subgenre of German hip hop.	Der Gangsta-Rap in Deutschland hat seine Wurzeln in den 1990er Jahren und stellt seit 2003/2004 ein erfolgreiches Sub-Genre des deutschen Hip-Hop dar.	number_mismatch
10053	Private Eye Writers of America.	Auf der Internetseite der Private Eye Writers of America.	lang_id
10076	"Oscar S. Heizer, the American consul at Trabzon, reports: ""This plan did not suit Nail Bey…."	Oscar S. Heizer, der US-Konsul in Trabzon 1915, berichtet: „Dieser Plan passte Nail Bey nicht...	number_mismatch
10096	Edith Cadivec (1998) Eros, the Meaning of My Life.	Edith Cadivec: Eros, der Sinn meines Lebens.	lang_id;number_mismatch
10109	"""Die Leiden der Hannelore Kohl""."	Leben und Leiden der Hannelore Kohl.	lang_id
10123	After the death of Louis Harms, his brother Theodor Harms (1818–1885) became his successor.	Nach dem Tod von Ludwig Harms wurde sein Bruder Theodor Harms (1819–1885) dessen Nachfolger.	number_mismatch
10124	Afterwards, seconds before 14:00, AFN Berlin ceased transmitting after playing the national anthem of the United States of America.	Danach beendete der AFN Berlin wenige Sekunden vor 14 Uhr den Sendebetrieb mit dem Abspielen der Nationalhymne der Vereinigten Staaten.	number_mismatch
10146	"""The Sexual Neuroses of Our Parents""."	Die sexuellen Neurosen unserer Eltern.	lang_id
10155	Über die Säuglingssterblichkeit der Unehelichen in Berlin im Jahre 1922/23, Berlin, 1927.	Über die Säuglingssterblichkeit der Unehelichen in Berlin im Jahre 1922/23. Medizinische Dissertation, Berlin 1927.	lang_id
10161	Toni Nessler: Burgen im Allgäu, Vol.	Toni Nessler: Burgen im Allgäu.	lang_id
10175	In 1853 he purchased the Scioto Gazette in Chillicothe, Ohio.	1853 erwarb er die Scioto Gazette in Chillicothe (Ohio).	lang_id
10186	Ninja Melk, a 26-minute short film about ninjas, was released in August 2009.	Ninja Melk, ein Kurzfilm über Ninjas, wurde August 2009 veröffentlicht.	number_mismatch
10203	Die Literatur der Psychiatrie, Neurologie und Psychologie von 1459-1799.	Die Literatur der Psychiatrie, Neurologie und Psychologie von 1459–1799.	lang_id
10213	In the sanatorium were admitted children from 3 to 15 years of age from all over Bulgaria with no differentiation in their social status.	Im Sanatorium wurden Kinder von drei bis fünfzehn Jahren aus ganz Bulgarien, unabhängig von ihrer sozialen Lage, behandelt.	number_mismatch
10228	Between 1484 and 1834 257,275 burials are recorded.	Zwischen 1484 und 1834 sind 257.275 Beerdigungen belegt.	number_mismatch
10237	At the age of fifteen he was captured by the troops of Ali Pasha and imprisoned at Ioannina.	Mit 15 Jahren wurde er von den Truppen Ali Paschas gefangen genommen und in Ioannina inhaftiert.	number_mismatch
10241	By 9 PM the balloon would have been in the area where Gorman and the Piper Cub passengers first saw the lighted object.	Um 21:00 Uhr wäre der Ballon in dem Bereich gewesen, wo Gorman und die Besatzung der Piper Cub zum ersten Mal das angestrahlte Objekt gesehen hatten.	number_mismatch
10242	Kubota, Ken: Die dialektische Darstellung des allgemeinen Begriffs des Kapitals im Lichte der Philosophie Hegels.	Ken Kubota: Die dialektische Darstellung des allgemeinen Begriffs des Kapitals im Lichte der Philosophie Hegels.	lang_id
10246	"The first sitting of the commission took place on 28 January 1893 in the Ministry of Culture"". – Michael Kamp: Das Museum als Ort der Politik."	Die erste Sitzung der Kommission fand am 28. Januar 1893 im Kultusministerium statt. – Michael Kamp: Das Museum als Ort der Politik.	lang_id
10252	"When asked what he valued most, he replied, ""My books."	Als er das Buch an seinen Agenten gab, kommentierte er: „Dies ist ein Buch, das nicht wie meine anderen Bücher ist.	length
10312	(1970) Moments of Doubt: And Other Mountaineering Writings.	1977 (Kurzgeschichten und Fragmente) Der dunkle Turm und andere Erzählungen.	number_mismatch
10313	One of the closest owners of the court to Eck, from the second half of the fifteenth century, who was still to be found, was Georg Marchel with his wife.	Einer der nächstfolgenden Besitzer des Hofes zu Eck aus der zweiten Hälfte des 15. Jahrhunderts, der noch festgestellt werden konnte, war Georg Marchel mit seiner Ehefrau.	number_mismatch
10328	The fleet of Hellas played a prominent role during the anti-iconoclast revolt of 726/7.	Die Flotte von Hellas spielte eine wichtige Rolle in der anti-ikonoklastischen Revolte von 726/727 unter dem Gegenkaiser Kosmas.	number_mismatch
10345	Stefan L. Wolff, August Kundt (1839–1894): Die Karriere eines Experimentalphysikers, Physis 29.2 (1992), S. 403-446.	Stefan L. Wolff, August Kundt (1839–1894): Die Karriere eines Experimentalphysikers, Physis 29.2 (1992), S. 403–446.	lang_id
10376	Early Canadiana Online (ECO) is a digital repository containing some 4 million pages of historical primary sources catalogued in 10 digital collections.	Early Canadiana Online (ECO) ist eine digitale Sammlung von mehr als vier Millionen Seiten Quellen, die in zehn digitalen Sammlungen katalogisiert vorliegen.	number_mismatch
10398	Hans Frei und Barbara Beck (ed.): Lebensbilder.	Hans Frei und Barbara Beck (Hrsg.): Lebensbilder.	lang_id
10399	The population of Rosebery declined by 22% in the years between 1996-2001.	Die Bevölkerung von Rosebury hat von 1996 bis 2006 um 22 % abgenommen.	number_mismatch
10402	The Hungarian Who Walked To Heaven: Alexander Csoma de Koros 1784-1842.	Englisch 2001: The Hungarian Who Walked To Heaven: Alexander Csoma de Koros 1784-1842.	lang_id;number_mismatch
10407	Unfortunately, the March team was at something of a low point financially during 1976/77 and the development costs of an all-new six-wheel car would be high.	Die finanzielle Situation des March-Teams war in den Jahren 1976 / 1977 recht angespannt und die Entwicklungskosten eines vollkommen neuen Sechsradfahrzeuges waren sehr hoch.	number_mismatch
10416	According to Dorothea Arnold, the slow potter's wheel was invented some time during the Fourth dynasty.	Nach Dorothea Arnold wurde die langsame Drehscheibe im Lauf der 4. Dynastie erfunden.	number_mismatch
10426	Deseret News, Dallas Seavey is youngest musher to win Iditarod, March 14, 2012.	Deseret News, Dallas Seavey is youngest musher to win Iditarod, 12. März 2012, Zugriff am 21. März 2015.	number_mismatch
10433	The area between the Frankfurt city wall and field of the gallows had hardly been constructed by the early nineteenth century.	Das Gebiet zwischen der Frankfurter Stadtmauer und dem Galgenfeld war noch im frühen 19. Jahrhundert kaum bebaut.	number_mismatch
10453	By the early 1960s he had settled in Chicago, where he became a fixture on Maxwell Street Market, in particular playing from 10 a.m. to 3 pp. m. on Sundays.	In den frühen 1960er Jahren siedelte er sich wieder in Chicago an und wurde ein Fixpunkt auf der Maxwell Street, wo er jeden Sonntag von 10 bis 15 Uhr spielte.	number_mismatch
10457	Each member between six and 15 years of age receives an individual reading diary with age-specific tasks.	Jedes Mitglied zwischen 6 und 15 Jahren erhält ein individuelles Lesetagebuch mit altersspezifischen Aufgaben.	number_mismatch
10458	"Cologne War Experiences, 1939–1945 Mai to September 2006: The ""Lischka-Trial""."	Kölner Kriegserfahrungen 1939–1945 Mai bis September 2006: Der „Lischka-Prozess“.	lang_id
10462	Most of the northern Ridge is protected by Minnewaska State Park Preserve, which also now manages Sam's Point Preserve with more than 100 miles (160 km) of hiking trails and several climbing areas.	Der Norden ist großteils geschützt durch die Minnewaska State Park Preserve, deren Verwaltung auch Sam’s Point Preserve mit ihren über 160 km Wanderwegen und mehreren Klettergebieten unterliegt.	number_mismatch
10466	Video Unlimited allowed users to purchase or rent videos.	Video Unlimited erlaubte es Nutzern Videos bzw. Filme zu kaufen oder auszuleihen.	lang_id
10485	Fred Wah's mother was a Swedish-born Canadian who came to Canada at age 6.	Fred Wahs Mutter war hingegen eine in Schweden geborene Kanadierin, die im Alter von sechs Jahren ins Land kam.	number_mismatch
10490	Settlement continuities and change in North Syria 4th–8th centuries A.D. In: Bart and Motz 2009, pp.  433–453 Ignacio Arche (2009): Hallabat: Castellum, coenobium, praetorium, qaṣr.	Settlement continuities and change in North Syria 4th-8th centuries A.D. In: Bart und Motz 2009, S. 433–453 Ignacio Arche (2009): Hallabat: Castellum, coenobium, praetorium, qaṣr.	lang_id
10492	1755 – Frederick II commissioned Ludwig Philipp Freiherr vom Hagen and Johann Friedrich Heintzmann with the drawing-up of new mine and Knappschaft regulations.	Friedrich II. beauftragte 1755 Ludwig Philipp Freiherr vom Hagen und Johann Friedrich Heintzmann mit der Ausarbeitung einer neuen Bergordnung und der Knappschaftsbestimmungen.	lang_id
10523	While the United States was preparing its response to the September 11 attacks in the form of Operation Enduring Freedom, French media complained about the lack of deployable French military power.	Während die Vereinigten Staaten die Antwort auf die Anschläge des 11. September 2001 in Form der Operation Enduring Freedom organisierten, beschwerte sich die französische Presse über einen Mangel an eigener militärischer Schlagkraft.	number_mismatch
10524	The said Book was lost in the Strand, near Fountain Tavern, about 7 or 8 o'clock at Night.	Das besagte Buch wurde in der Straße „The Strand“, nahe der „Fountain Tavern“, gegen sieben oder acht Uhr abends verloren.	number_mismatch
10530	In 2015, Oude Luttikhuis moved to first division club Eurosped TVT Almelo.	Im gleichen Jahr wechselte Oude Luttikhuis zum Erstligisten Eurosped TVT Almelo.	number_mismatch
10539	In: SF Weekly, October 17, 2001.	In: SF Weekly, 17. Oktober 2001.	lang_id
10546	The chant began: Kira, wana, tu, tiri, wha—Teihana!	Der Gesang begann: Kira, wana, tu, tiri, wha—Teihana!	lang_id
10549	Torsten Foeelsch: Die Plattenburg.	Torsten Foelsch: Die Plattenburg.	lang_id
10556	Tayap has 6 units for pressing palm oil and mutual microfinance.	Tayap verfügt über sechs Pressen für die Palmölgewinnung und eine solidarische Mikrofinanzierung.	number_mismatch
10589	6 (1952) Deutschland, du, unsere Heimat (also known as Heut ist ein wunderschöner Tag).	6 (1952) Deutschland, du, unsere Heimat (auch Heut ist ein wunderschöner Tag).	lang_id
10598	Others picked up the cry and 18,000 letters were sent to General Motors, which had provided $3 million of the film's cost.	Anhänger schickten 18.000 Briefe an General Motors, das sich mit drei Millionen Dollar an dem Film beteiligt hatte.	number_mismatch
10607	The Bankers' Who's who.	In: The Bankers' Who's who.	lang_id
10629	The Fulani Empire of Sokoto.	In: The Fulani Empire of Sokoto.	lang_id
10632	His premieres of Rolf Kemnitzer’s Die Bauchgeburt and Alfred Gulden’s grotesque Dieses.	Seine Uraufführungen von Rolf Kemnitzers Die Bauchgeburt und Alfred Guldens Groteske Dieses.	lang_id
10639	Stefan Bader: An höchster Stelle...	Stefan Bader: An höchster Stelle.	lang_id
10644	"""Harlekins und Engel mit 20-Kilo-Stelzen""."	Harlekins und Engel mit 20-Kilo-Stelzen.	lang_id
10659	"Ignaz Görtz: ""Wo sie am höchsten ragen, the Felsen der Ahr …"" Beitrag zur Baugeschichte der Burg Are."	Ignaz Görtz: „Wo sie am höchsten ragen, die Felsen der Ahr …“ Beitrag zur Baugeschichte der Burg Are.	lang_id
10669	His son Fitz-John Winthrop also governed the colony for 10 years starting in 1698.	Sein Sohn Fitz-John Winthrop war auch Gouverneur der Kolonie und zwar für zehn Jahre, angefangen 1698.	number_mismatch
10672	2009. pp.  295.	Schablon 2009: 295	lang_id
10704	"In 2007 the documentary ""After the Climb"" followed as well as the series ""Wildlife - Back to life"", also with Medvetz in the leading role."	2007 folgte die Dokumentation „After the Climb“ und 2014 die Reihe „Wild Life – Zurück ins Leben“, ebenfalls mit Medvetz in der Hauptrolle.	number_mismatch
10719	Ágnes Széchenyi (ed.): Móric Kornfeld: Reflections of twentieth century Hungary.	Ágnes Széchenyi (Hrsg.): Móric Kornfeld: Reflections of twentieth century Hungary.	lang_id
10731	During the following thirteen years, he worked as a private entrepreneur.	Die nächsten 13 Jahre arbeitete er als privater Unternehmer.	number_mismatch
10742	Geschichte der Peinlichkeit, Bloomsbury Berlin 2012.	Geschichte der Peinlichkeit, Bloomsbury Berlin, 2012.	lang_id
10749	Pi, under construction from January 2005 to November 2006 and opened in December 2006, consists of statistical information and a representation of π to 478 decimal places.	Pi, das von Jänner 2005 bis November 2006 installiert und am 1. Dezember 2006 eröffnet wurde, besteht aus statistischen Informationen und einer Darstellung der Kreiszahl π mit 478 Nachkommastellen.	number_mismatch
10776	Annie Jones - Sam's 32-year-old mother.	Annie Jones – Sams 32-jährige Mutter.	lang_id
10807	That same year, he met Karlheinz Stockhausen and, a year later, Iannis Xenakis.	Im selben Jahr traf er Karlheinz Stockhausen und im darauffolgenden Jahr Iannis Xenakis.	lang_id
10809	Manchester House houses the Wallace Collection.	Manchester House beherbergt die Wallace Collection.	lang_id
10812	"In the summer of 2009 they released the ""ЕР2009"", composed of 6 songs (Judgmental Trap, Panika, No More, Escape, Go Away, and Homeless)."	Sommer 2009 wurde die erste EP mit sechs Songs veröffentlicht: Judgmental Trap, Panika, No More, Escape, Go Away und Homeless.	number_mismatch
10815	Acta Ichthyologica et Piscatoria.	In: Acta Ichthyologica et Piscatoria.	lang_id
10851	Chakuza) – 3:03 Womit hab ich das verdient (How I deserved this?) – 3:36 Gefangen (Captured) (feat.	Chakuza) – 3:03 Womit hab ich das verdient – 3:36 Gefangen (feat.	lang_id
10852	The lock can be reached easily from St John's Bridge which is about a mile out of Lechlade on the A417 road.	Die Schleuse kann leicht von der St John’s Bridge etwa 1,5 km außerhalb von Lechlade im Verlauf der A417 erreicht werden.	number_mismatch
10854	Ted Prezelski.	In: Ted Prezelski.	lang_id
10866	Simulations by Emel’yanenko and Kiseleva in 2007 showed that (145480) 2005 TB190 appears to have less than a 1% chance of being in a 4:1 resonance with Neptune.	Simulationen 2007 von Emel'Yanenko und Kiseleva zeigen, dass 2005 TB190 eine Chance kleiner als 1 % hat, sich in einer 4:1 Bahnresonanz mit dem Neptun zu befinden.	number_mismatch
10869	After its name change to the Laboratoire de Modélisation en Mécanique (LMM), he headed this from 1998.	Nach dessen Umbenennung in Laboratoire de Modelisation en Mecanique (LMM) leitete er dieses ab 1998.	lang_id
10873	As a Privatdozentin she contributed to the DFG research project Die Entstehung des öffentlichen Strafrechts and to the DFG Graduierten project Die Wahrnehmung der Geschlechterdifferenz in religiösen Symbolsystemen.	Als Privatdozentin war sie Mitarbeiterin am DFG-Projekt Die Entstehung des öffentlichen Strafrechts und am DFG-Graduiertenprojekt Die Wahrnehmung der Geschlechterdifferenz in religiösen Symbolsystemen.	lang_id
10883	Criticism of Ralph Brucker: 'Christ hymns' or 'epideiktische passages'?	Kritik bei Ralph Brucker: ‘Christushymnen’ oder ‘epideiktische Passagen’?	lang_id
10919	"""Meine Sprache und Ich."	Meine Sprache und ich.	lang_id
10920	During the 1920s she published several books about the parliamentary work of women.	In den Zwanziger Jahren veröffentlichte sie mehrere Schriften über die parlamentarische Arbeit von Frauen.	number_mismatch
10922	The Fantasy North Golf & Country Club is a 9-hole golf course with a 150-year history.	Der Fantasy North Golf & Country Club ist ein Golfplatz mit einer 150-jährigen Geschichte.	number_mismatch
10950	Furthermore, see Krull, Simonides: Bedeutung der Risikoaggregation bei der BLG LOGISTICS GROUP.	Siehe ferner Krull, Simonides: Bedeutung der Risikoaggregation bei der BLG LOGISTICS GROUP.	lang_id
10954	It Ain't No Sin To Be Glad You're Alive: The Promise of Bruce Springsteen.	Eric Alterman: It Ain’t No Sin To Be Glad You’re Alive – The Promise of Bruce Springsteen.	lang_id
10959	"""Rihanna Shines Bright Like 'Diamonds' on New Single: Listen""."	Jason Lipshutz: Rihanna Shines Bright Like 'Diamonds’ on New Single: Listen.	lang_id
10963	His feast day is September 7 (formerly August 26).	Sein Festtag ist der 17. August (früher 26. September).	number_mismatch
10964	The First Doctor was also able to unlock it with his ring (The Web Planet, 1965) and repair it by using the light of an alien sun refracted through the ring's jewel (The Daleks' Master Plan, 1965–66).	Der erste Doktor kann es auch mit seinem Ring öffnen (The Web Planet, 1965) und mit dem gebrochenen Licht einer außerirdischen Sonne im Juwel des Rings reparieren (The Daleks' Master Plan).	number_mismatch
10966	Julie – Caillou and Rosie's teenage babysitter.	Julie – Caillous und Rosies Babysitter.	lang_id
10983	Heinrich Finke, Acta Aragonensia.	Heinrich Finke: Acta Aragonensia.	lang_id
10988	Boston Discovery Guide.	In: Boston Discovery Guide.	lang_id
10995	이승만의 삶과 꿈 (in Korean).	Leben im Diesseits und Jenseits.	lang_id
10996	The rain of the Capuchin Seminary Father Fromenger accompanies the five young men.	Der Regens des Kapuzinerseminars Pater Fromenger begleitet die fünf jungen Männer.	lang_id
11002	Topographischer Atlas der medizinisch-chirurgischen Diagmostik.	Topographischer Atlas der medizinisch-chirurgischen Diagnostik.	lang_id
11009	"Faszination und Herausforderung des Banalen und Trivialen""."	Faszination und Herausforderung des Banalen und Trivialen.	lang_id
11011	Diema delivered a total of just six locomotives to Thailand, all of them are preserved so far, besides this four mentioned engines two other locomotives still exist at a sugar factory in Ko Kha as a monument.	Diema lieferte zusammen nur 6 Lokomotiven nach Thailand, die somit bis jetzt alle erhalten geblieben sind, neben den hier erwähnten 4 Maschinen sind dies zwei weitere als Denkmal bei einer Zuckerfabrik in Ko Kha.	number_mismatch
11013	Taliban Supreme Leader Mohammed Omar assured female civil servants and teachers they would still receive wages of around US$5 per month, although this was a short term offering.	Der oberste Führer der Taliban, Mohammed Omar, sicherte weiblichen Beamten und Lehrern eine Abfindung von umgerechnet 4,50 Euro im Monat zu, doch dies nur für eine begrenzte Zeit.	number_mismatch
11018	B. Kindt, Die Katastrophe Ludovico Moros in Novara im April 1500 (1890).	Benno Kindt: Die Katastrophe Ludovico Moros in Novara im April 1500.	lang_id;number_mismatch
11023	Surg Infect (Larchmt).	In: Surg Infect (Larchmt).	lang_id
11027	"Union-Giesserei: ""100 Jahre Union-Giesser Königsberg Pr."	Union-Gießerei: 100 Jahre Union-Gießer Königsberg Pr.	lang_id
11035	"""Alle Nominierten und Voting 2017""."	Alle Nominierten und Voting 2017.	lang_id
11056	Béla Bartók: First Rhapsody for violin and piano.	Béla BARTOK: Erste Rhapsodie für Violine und Klavier.	lang_id
11057	"""Der Jude mit dem Hakenkreuz."	Der Jude mit dem Hakenkreuz.	lang_id
11059	About 20 Mexican Regulators, led by Josefita Chavez, were also positioned around town.	Weitere mexikanische Regulatoren, geführt von Josefita Chavez, waren über die Stadt verstreut.	number_mismatch
11064	2001 Waka for Japan 2001.	In: 2001 Waka for Japan 2001.	lang_id
11070	For nearly 50 years (1885-1933), the Bauakademie became the home of the „Königlich Preussische Messbild-Anstalt“ renamed to „Staatliche Bildstelle“ in 1921.	Für nahezu 50 Jahre (1885–1933) war das Gebäude Sitz der Königlich Preußischen Messbild-Anstalt, die 1921 in Staatliche Bildstelle umbenannt wurde.	lang_id
11076	Eight states and two territories have their mottos on their state quarter; thirty-eight states and four territories have their mottos on their state seals.	Acht Staaten und zwei Territorien haben ihre Mottos auf den State Quarters, einer Gedenkmünzeinserie; 38 Staaten und vier Territorien haben ihre Mottos auf ihren Siegeln.	number_mismatch
11096	In 1909 a 55-letter Cyrillic alphabet was used.	1905 wurde ein kyrillisches Alphabet mit 55 Buchstaben benutzt.	number_mismatch
11105	A standardized jurisdiction for Saxony created the Criminal Code of 1836.	Eine einheitliche Rechtsprechung für Sachsen schuf das Strafgesetzbuch von 1838.	number_mismatch
11110	He explained that he had a vision that he would not find peace in the afterlife unless he killed 100 Spaniards.	Er erklärte, sein Hass komme von einer Vision, in der er im Jenseits keinen Frieden finden würde, bevor er nicht hundert Spanier getötet habe.	number_mismatch
11114	Cordula Weber et al., Grün Stadt Zürich , 2006, 155 pages.	Cordula Weber et al., Grün Stadt Zürich, 2006, 155 Seiten.	lang_id
11129	The initial reception for the Tyrol Panorama was positive however: 50,000 visitors were received in just the first 2½ months.	Die Erstbilanz für das Tirol Panorama fiel positiv aus: In nur 2,5 Monaten kamen schon 50.000 Besucher.	number_mismatch
11172	"In a supplement to a record of a meeting that he had had with French prefect Jean Leguay, Heinrichsohn noted: ""On Friday, 28."	In Ergänzung einer Aufzeichnung einer Besprechung, die er mit dem französischen Präfekten Jean Leguay geführt hatte, notierte Heinrichsohn: „Am Freitag, den 28. 8. 1942 ist der 25000.	number_mismatch
11186	Initially, the Unimog 406 was painted in lorry green (DB 6277), approximately more than 70 % of all Unimogs ever made have this colour.	Ursprünglich war der Unimog in Lkw-Grün lackiert (DB 6277), etwa 70 % aller je gebauten Unimogs haben diese Farbe.	number_mismatch
11195	In 1999 the Czech government decided to create the Bohemian Switzerland National Park (Národní park České Švýcarsko) to its originally envisaged extent.	Im Jahre 1999 beschloss die tschechische Regierung schließlich die Bildung des Nationalparks Böhmische Schweiz (Národní park České Švýcarsko) in der ursprünglich vorgesehenen Größe.	lang_id
11216	C (1 bit) – control bit indicating whether the SSTP packet represents an SSTP control packet or an SSTP data packet.	C (1 Bit) – Kontrollbit, das anzeigt, ob das SSTP-Paket ein SSTP-Kontroll-Paket (1) oder ein SSTP-Daten-Paket (0) ist.	number_mismatch
11222	The 26 km (16 mi) long Highway 7A largely followed a parallel route alongside the Canadian Pacific Railway.	Der 26 km lange Highway 7A folgte zu einem großen Teil parallel zur Canadian Pacific Railway.	lang_id;number_mismatch
11231	Several times a day commuter trains travel to Craiova.	Mehrmals pro Tag verkehren Nahverkehrszüge nach Craiova.	lang_id
11237	Astronomers' Observing Guides.	Reihe: Astronomers’ Observing Guides.	lang_id
11245	He authored more than twenty plays that dealt with the issues relevant to Socialism in Kazakhstan.	Insgesamt schrieb er mehr als 20 Stücke, die sich um häufig mit dem Sozialismus in Kasachstan befassten.	number_mismatch
11250	"With an LD50 value of 25.8 g·kg−1 (rat, oral), isosorbide is similarly nontoxic as D-glucose (also with an LD50 of 25.8 g·kg−1, rat, oral) and is classified by the Food and Drug Administration FDA as GRAS (""generally recognized as safe"")."	Mit einer LD50-Wert von 24,15 g·kg−1 (Ratte, oral) ist Isosorbid ähnlich untoxisch wie D-Glucose, ebenfalls mit einer LD50 von 25,8 g·kg−1 (Ratte, oral) und ist von der Food and Drug Administration FDA als GRAS („generally recognized as safe“)-Substanz eingestuft.	number_mismatch
11264	When Thomas, the Fifth Lord Burgh, died without an heir, the Hall was sold in 1596 to William Hickman, a merchant from London, who made many improvements, especially to the east wing.	Nachdem Thomas, der 5. Baron Burgh, ohne Erben starb, wurde das Herrenhaus 1596 an William Hickman, einen Kaufmann aus London verkauft, der viele Verbesserungen am Haus durchführen ließ, besonders am Ostflügel.	number_mismatch
11267	Benth. & Hook., and Haloxylon recurvum sensu Bunge.	Benth. & Hook. und Haloxylon recurvum sensu Bunge.	lang_id
11298	In addition, she was elected as the second deputy of the Landeshauptmann, and is therefore the first member of the Tyrolean Greens and the second woman in this office.	Zusätzlich wurde sie zur 2. Landeshauptmann-Stellvertreterin gewählt und ist damit das erste Mitglied der Tiroler Grünen und die zweite Frau in diesem Amt.	number_mismatch
11304	Three thousand troops had been killed and 7,000 wounded, and Zhang's units retreated to Shanhaiguan Pass.	3000 Soldaten waren getötet und weitere 7000 verwundet worden, so dass die Einheiten Zhāngs sich zum Shanhaiguan-Pass zurückziehen mussten.	number_mismatch
11316	"""Preis an ""Jung & Naiv - Politik für Desinteressierte""""."	In: Jung & Naiv – Politik für Desinteressierte.	lang_id
11338	By the mid-1880s, Beaver Island had become the largest supplier of fresh-water fish consumed in the United States, but overfishing and changes in technology brought this to an end by the beginning of the 20th century.	Mitte der 1880er-Jahre war Beaver Island zum größten Lieferanten von Süßwasserfisch in den USA geworden, aber Überfischung und technische Änderungen beendeten den Boom um 1900.	number_mismatch
11348	Nieuwe Rotterdamsche Courant.	In: Nieuwe Rotterdamsche Courant.	lang_id
11360	The members of this association are currently (2017): TU Wien: 26% of the votes Graz University of Technology: 10% of the votes University of Vienna: 8% of the votes Austrian Institute of Technology: 1 % of the votes Joanneum Research: 1 % of the votes Medical University of Vienna: 1 % of the votes Otto-von-Guericke-Universität Magdeburg: 1 % of the votes Universität Stuttgart: 1 % of the votes University of Utah: 1 % of the votes 33 partner companies: together 50% of the votes.	Die Mitglieder des Vereines sind derzeit (2017): Technische Universität Wien: 26 % der Stimmen Technische Universität Graz: 10 % der Stimmen Universität Wien: 8 % der Stimmen Austrian Institute of Technology: 1 % der Stimmen Joanneum Research: 1 % der Stimmen Medizinische Universität Wien: 1 % der Stimmen Otto-von-Guericke-Universität Magdeburg: 1 % der Stimmen Universität Stuttgart: 1 % der Stimmen University of Utah: 1 % der Stimmen 33 Partnerfirmen: zusammen 50 % der Stimmen.	lang_id
11370	William Totok: „Die Zwänge der Erinnerung.	William Totok: Die Zwänge der Erinnerung.	lang_id
11379	Thrombosis Et Diathesis Haemorrhagica.	In: Thrombosis et diathesis haemorrhagica.	lang_id
11387	In: Die Neueren Sprachen.	In: Die neueren Sprachen.	lang_id
11403	There had been a previous attempt at offering the premier an official residence.	Bereits 1994 hatte es einen Versuch gegeben, dem Premierminister eine offizielle Residenz anzubieten.	number_mismatch
11407	He shared Pannekoek's communist ideologies and back in the 1930s his brother Piet van Albada had been an associate of Marinus van der Lubbe.	Er teilte Pannekoeks kommunistische Ansichten und sein Bruder Piet van Albada war in den 30er Jahren ein Genosse von Marinus van der Lubbe.	number_mismatch
11413	Munich: Becksche Reihe, volume 1432.	München: Becksche Reihe, Band 1432.	lang_id
11417	Dr. Wildenstein (ウィルデンシュタイン博士, Wirudenshutain-Hakase) is a brilliant scientist working for the PHS who serves under General Narein.	Dr. Wildenstein (ウィルデンシュタイン博士 Wirudenshutain-Hakase) ein genialer Wissenschaftler, der für General Narain arbeitet.	lang_id
11434	Recueil des travaux chimiques des Pays-bas.	VIII. In: Recueil des Travaux Chimiques des Pays-Bas.	lang_id
11452	Elektronikpraxis is the publication branch of Fachverbandes Elektronik-Design e.V. (FED).	Die Elektronikpraxis ist das Publikationsorgan des Fachverbandes Elektronik-Design e. V. (FED).	lang_id
11458	Yes, Jesus loves me.	Jesus liebt mich.	lang_id
11465	S2 Apollonios bilingual from Side (1949).	S2 Apollonios-Bilingue aus Side (1949).	lang_id
11468	While stationed on the Mexican border after joining the army during World War I, he defeated Nick Gundy, Mexican Champ, in a tough twenty round match in El Paso.	Während er an der mexikanischen Grenze stationiert war, nachdem er während des Ersten Weltkriegs der Armee beigetreten war, besiegte er Nick Gundy, den mexikanischen Champion, in einem harten 20-Runden-Match in El Paso.	number_mismatch
11495	Der Unrat in Sitte, Brauch, Glauben und Gewohnheitrecht der Völker, von John Gregory Bourke.	Tarasevśkyj, Pavło 6 Der Unrat in Sitte, Brauch, Glauben und Gewohnheitsrecht der Völker / von John Gregory Bourke.	lang_id;number_mismatch
11498	It was created in 1771 for Robert Jocelyn, 2nd Viscount Jocelyn.	Der Titel wurde am 1. Dezember 1771 für Robert Jocelyn, 2. Viscount Jocelyn, geschaffen.	number_mismatch
11507	The National Islamic Movement of Afghanistan (Dari: جنبش ملی اسلامی افغانستان‎, Junbish-i-Milli Islami Afghanistan), sometimes called simply Junbish, is an Uzbek political party in Afghanistan.	Die Nationale Islamische Bewegung Afghanistans (Dari جنبش ملی اسلامی افغانستان, Junbish-i-Milli Islami Afghanistan), manchmal auch einfach Junbish genannt, ist die politische Partei der Usbeken in Afghanistan.	lang_id
11519	In 1178 he took part in the provincial synod in Hohenau at the Inn and traveled to Rome in 1179 to the third Lateran Council.	Im Jahr 1178 nahm er an der Provinzialsynode in Hohenau am Inn teil und reiste 1179 zum 3. Laterankonzil nach Rom.	number_mismatch
11545	Structure of the population (12.06.2010) (Census): Source: Instituto Nacional de Estadística y Geografía (INEGI) Note: registered births include births from non-resident mothers.	Quelle: Instituto Nacional de Estadística y Geografía (INEGI) Anmerkung: Zu den registrierten Geburten zählen auch Geburten von nicht gebietsansässigen Müttern.	lang_id;number_mismatch
11557	Studien zur Siedlungsentwicklung und -struktur von Stadt und Kloster Corvey (800-1670).	Studien zur Siedlungsentwicklung und -struktur von Stadt und Kloster Corvey (800–1670).	lang_id
11573	In 1855 part of the fort was demolished so that the south bank of the Chicago River could be dredged, straightening the bend in the river and widening it at this point by about 150 feet (46 m); and in 1857, a fire destroyed nearly all the remaining buildings in the fort.	1855 wurde ein Teil des Forts abgerissen, damit das Südufer des Chicago River ausgebaggert werden konnte, um die Biegung im Fluß zu begradigen und den Fluß an dieser Stelle um etwa 45 m zu verbreitern; und 1857 zerstörte ein Feuer fast alle im Fort noch übrig gebliebenen Bauten.	number_mismatch
11577	In the second half of the twentieth century, Somalia supplied additional weapons to the Issa, which it upgraded as part of the West Somalia Liberation Front.	In der zweiten Hälfte des 20. Jahrhunderts lieferte Somalia weitere Waffen an die Issa, die es als Teil der Westsomalischen Befreiungsfront aufrüstete.	number_mismatch
11613	Death of solo sailing legend (no author stated).	Death of solo sailing legend (ohne Verfasserangabe).	lang_id
11621	In January 2010, Disney–ABC Television Group announced it was cutting 5% of its workforce.	Im Januar 2009 gab die Disney-ABC Television Group bekannt, dass sie 5 Prozent ihrer Mitarbeiter gekündigt haben.	number_mismatch
11624	Eberhard Hüppe, Urbanisierte Musik.	Eberhard Hüppe: Urbanisierte Musik.	lang_id
11630	Proceedings, Eisenstadt 1999.	Proceedings, Eisenstadt, 1999.	lang_id
11654	"""Andreas Röschlaub und die Romantische Medizin."	Andreas Röschlaub und die Romantische Medizin.	lang_id
11664	In 1968 Allgemeine Versicherungs-Gesellschaft Helvetia merged with Helvetia Unfall and Helvetia Leben.	1968 schloss sich die Allgemeine Versicherungs-Gesellschaft Helvetia mit der Helvetia Unfall und der Helvetia Leben zusammen.	lang_id
11694	His son Józef would marry Chopin's erstwhile fiancée, Maria Wodzińska.	Sein Sohn Józef (ca. 1818–1900) heiratete später Chopins Verlobte Maria Wodzińska.	number_mismatch
11732	"Klavierstück VI exists in four versions: (a) a piece not much longer than Klavierstück III, composed probably in May 1954, and discarded entirely; (b) a first ""full-length"" version, drafted by 12 November and finished on 3 December, with a fair copy completed on 10 December 1954; (c) a complete reworking of version b, probably completed by March 1955 (the version recorded a few years later by David Tudor); (d) the final, published version, which adds a great deal of new material, dating from 1960 or 1961 (Toop 1991, 4)."	Klavierstück VI existiert in vier Versionen: (a) ein Stück, das nicht viel länger als Klavierstück III ist, wohl im Mai 1954 komponiert und komplett verworfen; (b) eine erste Version in „voller Länge“, entworfen vor dem 12. November und am 3. Dezember fertiggestellt, mit einer am 10. Dezember 1954 erstellten Reinschrift; (c) eine vollständige Überarbeitung von Version b, wahrscheinlich bis zum März 1955 fertiggestellt (dies ist die Version, die David Tudor einige Jahre später aufgenommen hat); (d) die endgültige, veröffentlichte Version, die viel neues Material hinzufügt, entstanden 1960 oder 1961.	number_mismatch
11736	Geschichte der mathematischen Wissenschaften, Teil 1 : Von den ältesten Zeiten bis Ende des 16.	Geschichte der mathematischen Wissenschaften, Teil 1 : Von den ältesten Zeiten bis Ende des 16. Jahrhunderts.	lang_id
11742	The Institute organizes about 40 conferences each year in Paris (42 in 2011).	Das Institut organisiert etwa vierzig Konferenzen pro Jahr in Paris (zweiundvierzig im Jahre 2011).	number_mismatch
11749	Crit Rev Eukaryot Gene Expr.	In: Crit Rev Eukaryot Gene Expr.	lang_id
11750	Dieter Schenk, Die Post von Danzig.	Dieter Schenk: Die Post von Danzig.	lang_id
11770	Eugen Ewig, Der Raum zwischen Selz und Andernach vom 5. bis 7.	Eugen Ewig: Der Raum zwischen Selz und Andernach vom 5. bis 7. Jahrhundert.	lang_id
11777	The term Class of Cabinet des Médailles 218, or Class of Cab.	Die Klasse von Cabinet des Médailles 218 (englisch Class of Cabinet des Médailles 218, abgekürzt auch Klasse von Cab.	lang_id
11793	In: Journal of Singing (National Association of Teachers of Singing) Volume 60, No. 4, (March/April 2004) 411.	In: Journal of Singing (National Association of Teachers of Singing) Heft 60, No. 4, (März/April 2004) 411.	lang_id
11800	British journalist Edward Hooper publicized a hypothesis that AIDS might have been caused in the late 1950s in the Belgian Congo by Koprowski's research into a polio vaccine.	Der britische Journalist Edward Hooper veröffentlichte 1999 ein Buch mit der Hypothese, dass AIDS in den späten 1950er Jahren durch Hilary Koprowskis Polioimpfungen im Belgischen Kongo entstanden sei.	number_mismatch
11825	He was an honorary member of the Koninklijk Nederlands Geologisch Mijnbouwkundig Genootschap and a member of the Maatschappij der Nederlandsche Letterkunde.	Er war Ehrenmitglied der Koninklijk Nederlands Geologisch Mijnbouwkundig Genootschap und Mitglied der Maatschappij der Nederlandsche Letterkunde.	lang_id
11832	Imanuel Geiss, Panafrikanismus.	Imanuel Geiss: Panafrikanismus.	lang_id
11837	Georg Rendl, Die Glasbläser von Bürmoos.	Georg Rendl: Die Glasbläser von Bürmoos.	lang_id
11840	In: Rod Bucknell and Chris Kang (eds.): The Meditative Way.	In: Rod Bucknell und Chris Kang (Hrsg.): The meditative way.	lang_id
11880	In the 1950s, Bober met François Truffaut and became his assistant for the films 400 Blows (1959), Shoot the Piano Player (1960), and Jules and Jim (1962).	In den 1950er Jahren traf Bober François Truffaut und wurde sein Assistent in den Filmen Les Quatre Cents Coups (1959), Tirez sur le pianiste (1960) und Jules et Jim (1962).	number_mismatch
11891	Emotion (Washington, D.C.).	In: Emotion (Washington, D.C.).	lang_id
11920	Aviva Investors has £289.9 billion assets under management.	Aviva Investors hat Vermögen im Wert von 289 Mio. £ unter Verwaltung.	number_mismatch
11931	Alban Berg Quartett.	Alban Berg Quartet.	lang_id
11956	Stuttgart : Thieme.	Stuttgart: Thieme.	lang_id
11957	"In 2010 she also presented a lecture at Yale University titled ""Christine in the Cutting Room: Christine Jorgensen's Transsexual Celebrity and Cinematic Embodiment""."	"Zwei Jahre zuvor hielt sie darüber auch eine Lesung an der Yale University mit dem Titel ""Christine in the Cutting Room: Christine Jorgensen's Transsexual Celebrity and Cinematic Embodiment""."	number_mismatch
11966	Bureaus/Offices Reporting Directly to the Secretary » Policy Planning Staff » The Staff » Cohen, Jared.	In: Bureaus/Offices Reporting Directly to the Secretary » Policy Planning Staff » The Staff » Cohen, Jared.	lang_id
11967	(1998) Boomtown / End of the City, feature film, 30 min.	(1998) Boomtown/Am Ende der Stadt, Spielfilm, 30 Min.	lang_id
11992	8 leichte Stücke .	8 leichte Stücke.	lang_id
12001	United States President George W. Bush spent the night of Friday, 26 June 2004, at Dromoland Castle to attend the EU-US Summit held at the facility.	Der US-Präsident George W. Bush verbrachte die Nacht von Freitag, dem 16. Juni 2004, im Dromoland Castle Hotel, um am dort abgehaltenen Gipfeltreffen zwischen den Vereinigten Staaten und der EU teilzunehmen.	number_mismatch
12007	"Kreisler's ""Das Mädchen mit den drei blauen Augen"" appears to be related to the Abe Burrows song ""The Girl with the Three Blue Eyes"" (first recording 1950)."	Das Mädchen mit den drei blauen Augen von Kreisler ähnelt Abe Burrows’ Lied The Girl with the Three Blue Eyes (erste Tonaufnahme: 1950).	lang_id
12010	The Omak Fire Department estimated that there were 312 service calls around 2012, of which 80 included fire emergencies, 105 emergency medical incidents, six hazardous conditions, 26 service calls and three calls related to excessive heat concerns.	Die Feuerwehr von Omak hatte 2012 312 Einsätze, von denen 80 Feueralarme, 105 medizinische Notfälle, sechs Katastrophen-Situationen, 26 Hilfsleistungen und drei wegen extremer Hitze waren.	number_mismatch
12026	Large-scale retrospectives from the field of classic modern art, for example Fernand Léger and Bart van der Leck, alternate with survey shows such as Full House, German Open, The Italian Metamorphosis 1943–1968 and Blast to Freeze.	Große Werkschauen aus dem Bereich der klassischen Moderne, etwa Fernand Léger und Bart van der Leck, wechseln mit Überblicksschauen wie Full House, German Open, Italienische Metamorphose und Blast to Freeze.	number_mismatch
12061	In 1909, Sakhawat Hussain died.	1909 starb Sakhawat Hussain.	lang_id
12063	1161 – Évora, Beja and Alcácer do Sal are retaken by the Moors.	1161: Évora, Beja und Alcácer do Sal werden von den Mauren zurückerobert.	lang_id
12067	So I'm you, I'm us, it's us.	So I’m you, I’m us, it’s us.	lang_id
12081	In 1935, at the age of thirteen, after reading a biography of Sigmund Freud, Socarides decided to become a physician and psychoanalyst.	Nachdem Charles Socarides im Alter von 13 Jahren eine Biografie von Sigmund Freud gelesen hatte, beschloss er Arzt und Psychoanalytiker zu werden.	number_mismatch
12089	Birgit Zotz, Das Waldviertel - Zwischen Mystik und Klarheit.	Birgit Zotz: Das Waldviertel – Zwischen Mystik und Klarheit.	lang_id
12092	86 (1962) Rhapsody for viola solo, op.	86 (1962) Rhapsody für Viola solo, op.	lang_id
12100	Die Heimathymnen der preußischen Provinzen und ihrer Landschaften − Eine literarische Charakteristik.	Gertrud Stendal: Die Heimathymnen der preußischen Provinzen und ihrer Landschaften – Eine literarische Charakteristik.	lang_id
12124	Gespräche über Bäume.	Gespräche mit Bäumen.	lang_id
12141	The El Dorado Times, regional newspaper from El Dorado.	El Dorado News Times ist die regionale Tageszeitung El Dorados.	lang_id
12157	Corpus Medicorum Latinorum.	In: Corpus medicorum Latinorum.	lang_id
12188	Topographische Einzugsgebiete der Schweizer Gewässer: Gebietsauslässe.	In: Topographische Einzugsgebiete der Schweizer Gewässer: Gebietsauslässe.	lang_id
12207	In 2012 she stood again for the fourth season of X-Diaries before the camera.	2012 stand sie erneut für die 4. Staffel X-Diaries vor der Kamera.	number_mismatch
12214	It was also the 8th highest-grossing tour of any genre in 2003.	Sie war auch die acht-erfolgreichste Tour aller Genres des Jahres 2003.	number_mismatch
12223	"""Viertelfinal-Duell zwischen Selby und Trump"" (in German)."	Viertelfinal-Duell zwischen Selby und Trump.	lang_id
12242	"""Erläuterungsbericht Teil I: Allgemeiner Teil"" ."	Erläuterungsbericht Teil I: Allgemeiner Teil.	lang_id
12256	From Thaleischweiler-Fröschen to Zweibrücken, the line crosses the predominantly agriculturally dominated Westricher plateau.	Ab Thaleischweiler-Fröschen durchquert sie bis Zweibrücken die vorwiegend landwirtschaftlich geprägte Westricher Hochfläche.	lang_id
12257	After successful tests with locomotives of the Prussian class T 16.1, operations on the steep sections were converted to this class.	Nach erfolgreichen Testfahrten mit Lokomotiven der preußischen Bauart T 161 wurde der Betrieb auf den Steilstrecken auf diese Bauart umgestellt.	number_mismatch
12265	"One day, ""A"" wakes up in the body of Justin, the neglectful boyfriend of Rhiannon."	Eines Tages erwacht „A“ im Körper von Justin, dem nachlässigen Freund von Rhiannon.	lang_id
12296	Freedom House supported the Marshall Plan and the establishment of NATO.	Während der 1940er Jahre unterstützte Freedom House den Marshall-Plan und die Gründung der NATO.	number_mismatch
12304	The National Socialists’ election to power in 1933 brought Boppard no changes at first, as the Centre Party had won 50% of the vote at the 1933 elections.	Die Machtergreifung der Nationalsozialisten 1933 brachte für Boppard anfangs keine Veränderungen, da die Zentrumspartei bei den Wahlen 1933 fünfzig Prozent der Stimmen erhielt.	number_mismatch
12316	His notable television roles include work on The Tomorrow People, Space 1999, King Cinder, Play for Today, Warship, Oranges & Lemons, and season 2 of Survivors.	Seine ersten Fernsehrollen waren in den Serien The Tomorrow People, Space 1999, King Cinder, Play for Today, Warship, Oranges & Lemons und in der zweiten Staffel von Survivors.	number_mismatch
12320	Em Hotep!.	In: Em Hotep!	lang_id
12332	"""Robert Heinecken: Object Matter""."	Robert Heinecken: Object Matter.	lang_id
12340	His observations from this position in the spring of that year contributed to the hardening of attitudes in Mexico concerning Anglo-American abuse of land policies and of native Tejanos in the departments of Nacogdoches and Bexar.	Seine Beobachtungen von seinem Standort im Frühjahr 1835 trugen zur Verhärtung der Gesinnungen in Mexiko bezüglich des angloamerikanischen Missbrauchs der Landpolitik und der einheimischen Tejanos in den Departments von Nacogdoches und Bexar bei.	number_mismatch
12341	9, 1934, No. 8 (December), pp. 192–201 Krise und Ausbeutung, Vol.	9. 1934, Nr. 8 (Dezember), S. 192–201 Krise und Ausbeutung.	lang_id
12347	Between 1981 and 2006, the group recorded 40 critically acclaimed discs.	Zwischen 1981 und 2006 hat das Ensemble vierzig von der Kritik gefeierte Schallplatten veröffentlicht.	number_mismatch
12352	Repr. in New Synoptic Studies: the Cambridge Gospel Conference and Beyond, edited by William R. Farmer (Mercer Uni.	Nachdruck in: New Synoptic Studies: the Cambridge Gospel Conference and Beyond, hg. von William R. Farmer (Mercer Uni.	lang_id
12358	"Der DR-Grenzbahnhof Gerstungen""."	Der DR-Grenzbahnhof Gerstungen.	lang_id
12369	By reusing this component with dimensions of 15.6 × 12.4 metres, the middle part of the building was adequately supplied with natural light, which, given the height of the hall, which was only 5.5 meters, would otherwise not have been possible.	Durch die Wiederverwendung des Bauteils mit 15,60×12,40 Metern konnte der Mittelteil des Gebäudes ausreichend mit natürlichem Licht versorgt werden, was aufgrund der Raumhöhe der Halle, die lediglich 5,50 Meter betrug, ansonsten nicht möglich gewesen wäre.	number_mismatch
12392	Peter R. W. Martin (editor): Applikationshandbuch IGBT- und MOSFET-Leistungsmodule.	Peter R. W. Martin (Hrsg.): Applikationshandbuch IGBT- und MOSFET-Leistungsmodule.	lang_id
12424	For example, two hundred and thirty-two is song roi sam sip song.	Zum Beispiel ist zweihunderzweiunddreißig (232) song roi sam sip song.	number_mismatch
12430	"""Driven: Mazda Premacy Hydrogen RE Hybrid""."	Diese Fahrzeuge heißen Mazda Premacy Hydrogen RE Hybrid.	lang_id
12442	Carl von Linné: Critica Botanica.	(Digitalisat) Carl von Linné: Critica Botanica.	lang_id
12482	Three years later he associated with Riccardo Castagnedi (Ricas), with whom he worked as a graphic designer until 1938.	1930 begann er eine Partnerschaft mit Riccardo Castegnetti (Ricas), mit dem er als Grafik-Designer bis 1938 arbeitete.	number_mismatch
12483	Naxos Germany, DVD Le nozze di Figaro (Mozart) Opernhaus Zürich, 2009, Franz Welser-Möst conducting.	Naxos Deutschland, DVD Le nozze di Figaro (Mozart) Opernhaus Zürich, 2009, Franz Welser-Möst (Dirigent).	lang_id
12485	Twenty-three marchers, including Gold, were arrested.	23 Demonstranten, darunter auch Gold, wurden verhaftet.	number_mismatch
12487	According to this 2008 study, Japanese citizens participate in Kominkan activities 256 million times a year, for an average of 2 visits a year.	Der Studie zufolge nahmen im Jahre 2008 japanische Bürger 256 Millionen Mal im Jahr an Kōminkan-Aktivitäten teil, mit durchschnittlich zwei Besuchen pro Jahr.	number_mismatch
12494	Broder, John M. Spun and Unspun Tales of a California Cotton King.	(PDF; 22 kB) Broder, John M. Spun and Unspun Tales of a California Cotton King.	lang_id;number_mismatch
12501	By the 16th century, the postal system included 1,600 locations, and mail took 3 days to travel from Moscow to Novgorod.	Im 16. Jahrhundert umfasste das Postsystem 1.600 Ortschaften und eine Sendung benötigte drei Tage, um von Moskau nach Nowgorod zu gelangen.	number_mismatch
12511	It has an H0 value of −15.1 compared to −12 for sulfuric acid.	Sie hat einen H0-Wert von −15, verglichen mit −12 für Schwefelsäure.	number_mismatch
12542	In Germany he has contributed decisively to redirect German sociology from its occupation with the own nation during the 1970s towards a comparative and European perspective.	In Deutschland hat er entscheidend dazu beigetragen, dass die deutsche Soziologie von der Beschäftigung mit der eigenen Nation in den siebziger Jahren zu einer komparativen und europäischen Perspektive fand.	number_mismatch
12548	"Silly, huh?"""	"""Dumm gelaufen, oder?"""	lang_id
12555	"Fifteen years later, in 1934, Häberlin handed over the unfinished business to his successor with the instruction, ""The material for women's suffrage lies in the middle drawer to the right of your desk."""	15 Jahre später, 1934, übergab Häberlin das unerledigte Geschäft seinem Nachfolger mit dem Hinweis: «Das Material für das Frauenstimmrecht liegt in der mittleren Schublade rechts Deines Schreibtisches».	number_mismatch
12556	Jürgen Tang (ed.): 1150 Jahre Hesselbach - Eine Chronik.	Jürgen Tang (Hrsg.): 1150 Jahre Hesselbach – eine Chronik.	lang_id
12567	In a second stage of operation, fuel cell vehicles (LINT) would be used or the S 6 would be extended from Weil der Stadt to Calw.	In einer zweiten Betriebsstufe (ab 2025) sollen Brennstoffzellenfahrzeuge (LINT) eingesetzt werden oder die S 6 von Weil der Stadt nach Calw verlängert werden.	number_mismatch
12582	The Brantford Expositor.	In: Brantford Expositor.	lang_id
12605	Since then BHL in the strict sense has been called BHL-US/UK (usually only BHL-US), the global project has been referred to as BHL-Global, to distinguish it from the US/UK project.	Seitdem wird zwischen BHL-US/UK (meist nur BHL-US genannt) und BHL-Global unterschieden.	length
12613	"H. Ehringer; O. Hornykiewicz (1960). ""erteilung von Noradrenalin und Dopamin (3-Hydroxytyramin) im Gehirn des Menschen und ihr Verhalten bei Erkrankungen des extrapyramidalen Systems""."	H. Ehringer und O. Hornykiewicz: Verteilung von Noradrenalin und Dopamin (3-Hydroxytyramin) im Gehirn des Menschen und ihr Verhalten bei Erkrankungen des extrapyramidalen Systems.	lang_id;number_mismatch
12631	The more recent history was summarised during ECM 28 in Warwick/England in 2013.	Die aktuelle Zusammenfassung wurde während der ECM in Warwick/England 2013 vorgestellt.	number_mismatch
12636	In 1949, the North Borneo Railway embarked on an ambitious programme to rehabilitate the network and improve service, and they did so again in 1960.	1949 brachte die North Borneo Railway ein ehrgeiziges Programm auf den Weg, um das Netz zu sanieren und den Service zu verbessern.	number_mismatch
12638	Three chapels stand in Großostheim.	Drei Kapellen gibt es in Großostheim.	lang_id
12670	New Now Next.	In: New Now Next.	lang_id
12702	If I Was To Speak..., first performed as a piece of Guerilla theatre alongside London's South Bank in 2008.	If I Was To Speak... erste Aufführung als Guerilla Stück auf der Londoner South Bank.	number_mismatch
12724	Zu John Cages Vorlesung “Unbestimmtheit”.	Zu John Cages Vorlesung „Unbestimmtheit“.	lang_id
12725	Chewing gum also accounts for part of the total turnover as around 10% are achieved in the chewing gum segment, around 2/3 of this with private labels in the international business.	Auch die Kaugummis machen einen Bestandteil des Gesamtumsatzes aus, denn rund 10 % werden im Kaugummi-Bereich erzielt, rund zwei Drittel davon mit Private Labels im Export.	number_mismatch
12750	He founded and managed the Automobiles Gonfaronnaises Sportives (AGS) racing team, which participated in the European Formula Two Championship and Formula 1 in the 1970s and 1980s.	Er gründete und leitete den Rennstall Automobiles Gonfaronnaises Sportives (AGS), der in den 1970er- und 1980er-Jahren in der Formel-2-Europameisterschaft und in der Formel 1 engagiert war.	number_mismatch
12758	A study released in 2012 by the U.S. National Transportation Safety Board concluded that homebuilt aircraft in the U.S. have an accident rate 3-4 times higher than the rest of the general aviation fleet.	Ein Studie des National Transportation Safety Board aus dem Jahr 2012 ergab, dass Selbstbauflugzeuge eine drei- bis viermal höhere Unfallrate als der Rest aller Luftfahrzeuge der Allgemeinen Luftfahrt haben.	number_mismatch
12769	The first version of Flattr required users to click on a flattr button on websites to flattr content.	In der ersten Version von Flattr war es nötig, dass Nutzer auf Websites auf einen Flattr-Button klicken, wenn ihnen der Inhalt gefällt.	lang_id
12777	He did remain associated with Sinn Féin.	Er blieb allerdings der Sinn Féin verbunden.	lang_id
12784	Untersuchungen aus dem Gesammtgebiete der Mykologie.	In: Untersuchungen aus dem Gesammtgebiete der Mykologie.	lang_id
12792	"In a regional variant the caller's partner can announce ""Schnapser together"" (Schnapser zusammen) which may win 6 points."	In einer regionalen Variante kann der Spielpartner des Rufers einen „Schnapser zusammen“ ansagen, der sechs Punkte bringt.	number_mismatch
12801	The Chocolate Box: 23 May 1923 – Issue 1582 (under the title The Clue of the Chocolate Box).	The Chocolate Box: 23. Mai 1923 – The Sketch Magazine Ausgabe 1581 (unter dem Titel The Clue of the Chocolate Box).	number_mismatch
12809	"""Nachlass Warlich."	Nachlass Warlich.	lang_id
12821	On November 26, 2008, the Autobahndirektion Südbayern presented an interim results of the study.	Am 26. November 2008 stellte die Autobahndirektion Südbayern ein Zwischenergebnisse der Studie vor.	lang_id
12824	"""Desinformation als Kriegswaffe: Russlands perfider Feldzug gegen die Wahrheit""."	Christoph Reuter: Desinformation als Kriegswaffe: Russlands perfider Feldzug gegen die Wahrheit.	lang_id
12827	Amina Adil, Gaben des Lichts.	Amina Adil: Gaben des Lichts.	lang_id
12837	This requires our action.	Dies erfordert unsere Tat.	lang_id
12843	In Germany Benteler has subsidiaries (plants, sales and engineering offices, warehouses, offices) in 24 cities.	In Deutschland betreibt Benteler Niederlassungen (Werke, Verkaufs- und Ingenieurbüros, Lager, Verwaltungsstandorte) in 23 Städten.	number_mismatch
12851	Gerold Zue: Dr. Julius Mayr - der vergessene Schriftsteller.	Gerold Zue: Dr. Julius Mayr – der vergessene Schriftsteller.	lang_id
12884	J Gerontol Nurs.	In: J Gerontol Nurs.	lang_id
12890	10: Sonant for violin solo (1956, Neufassung 1974, WP 1974) op.	10: Sonant für Violine solo (1956, Neufassung 1974, UA 1974) op.	lang_id
12908	Valentinus Gnosticus?: Untersuchungen zur valentinianischen Gnosis mit einem Kommentar zu den Fragmenten Valentins.	Untersuchungen zur valentinianischen Gnosis, mit einem Kommentar zu den Fragmenten Valentins.	lang_id
12910	Arosa Lenzerheide also offers more than 103 km (64 mi) of cross-country skiing trails and 4 terrain parks («Park'n'Pipe Tschuggen» and «Wood Ranch» in Arosa as well as «Jibarea Stätz» and «Funslope» in Lenzerheide).	Arosa Lenzerheide verfügt weiter über 103 km präparierte Langlaufloipen sowie 4 Funparks («Park’n’Pipe Tschuggen» und «Wood Ranch» in Arosa sowie «Jibarea Stätz» und «Funslope» auf der Lenzerheide).	lang_id;number_mismatch
12924	In the 1908 Parliament, there were twenty-six (26) Ottoman Greek deputies but their number dropped to eighteen (18) by 1914.	Im Parlament von 1908 gab es sechsundzwanzig osmanisch-griechische Abgeordnete, aber ihre Zahl sank bis 1914 auf acht.	number_mismatch
12942	Rebecca Winters Keegan (3 July 2006).	Rebecca Winters Keegan (3. Juli 2006).	lang_id
12944	"""What Is Socrata?"	Was meinen Sie, Herr Sokrates?	lang_id
12954	In 1766 he wrote a memorandum on the importance of the imperial crown for the House of Austria.	Er verfasste 1794 eine Denkschrift über die Bedeutung der Römischen Kaiserkrone für das Haus Österreich.	number_mismatch
12971	A FLORIDA radar antenna, statusboard, 2 consoles and a complete computer center are today in the Flieger-Flab-Museum at Dübendorf.	Eine Florida-Radarantenne, Statusboard, zwei Konsolen und eine komplette Rechenzentrale befinden sich heute im Flieger-Flab-Museum Dübendorf.	number_mismatch
12978	Otto: Clarenthaler Studien I. Die Äbtissinnen des Klosters Clarenthal bei Wiesbaden, in: Nassauische Annalen 29, 1897/98, S. 173-201.	Otto: Clarenthaler Studien I. Die Äbtissinnen des Klosters Clarenthal bei Wiesbaden, in: Nassauische Annalen 29, 1897/98, S. 173–201.	lang_id
12980	Filmgalerie451.de.	In: filmgalerie451.de.	lang_id
12981	Schnell FW (1965) Die Covarianz zwischen Verwandten in einer gen-orthogonalen Population.	Die Covarianz zwischen Verwandten in einer gen-orthogonalen Population.	lang_id;number_mismatch
12989	Xerox also uses region codes.	Xerox verwendet ebenfalls Regionalcodes.	lang_id
13011	Jean-François Quint: Convexes divisibles, d'après Yves Benoist.	Homepage J.-F. Quint: Convexes divisibles, d’apres Yves Benoist.	lang_id
13023	Michel Foucault, Was ist Kritik?, Berlin: Merve Verlag 1992.	Michel Foucault: Was ist Kritik Berlin: Merve Verlag 1992.	lang_id
13028	The case of the Hamburg rubble murderer had certain parallels to the serial killer Rudolf Pleil, who killed out of greed and sexual motives at least 10 women.	Der Fall des Hamburger Trümmermörders wies gewisse Parallelen zum Serientäter Rudolf Pleil auf, welcher aus Habgier und sexuellen Motiven im Zonenrandgebiet zwölf oder mehr überwiegend weibliche Personen tötete.	number_mismatch
13032	Doehring remained loyal to the Kaiser, visiting him in Huis Doorn and preaching there, for the last time in 1939 on the occasion of his 80th birthday.	Nach wie vor bewahrte Doehring dem Kaiser die Treue, besuchte ihn in Doorn und predigte dort, zuletzt 1939 zu dessen achtzigstem Geburtstag.	number_mismatch
13053	Ich gehe bis nach Karlsruhe: Eine Geschichte des Bundesverfassungsgerichts - Ein SPIEGEL-Buch.	Ich gehe bis nach Karlsruhe – Eine Geschichte des Bundesverfassungsgerichts.	lang_id
13061	Finally, the C(amera) 16 was introduced for 16-mm film.	1956 wurde die C(amera) 16 für 16-mm-Film vorgestellt.	number_mismatch
13079	In: „No – and the Conformists”, Faces of Soviet Art of 50s to 80s.	In: „No – and the Conformists“, Faces of Soviet Art of 50s to 80s.	lang_id
13097	J Med Life.	In: J Med Life.	lang_id
13101	"""'I've lost a friend'""."	‘I’ve lost a friend’.	lang_id
13118	Furthermore, on behalf of the Center for Disability and Sexuality (German: Fachstelle für Behinderung und Sexualität, FABS) in Basel, she trained ten sex therapists of both genders for six months.	Unter anderem hat sie 2004 im Auftrag der Fachstelle für Behinderung und Sexualität (FABS) in Basel ein halbes Jahr lang zehn Sexualtherapeuten beiderlei Geschlechts ausgebildet.	lang_id;number_mismatch
13146	At the same time, about 224,000 German nationals, or 1 in 350 German citizens, lived in Switzerland, accounting for 3% of Swiss population.	Zur gleichen Zeit lebten knapp 224'000 deutsche Staatsbürger, oder einer von 350 deutschen Bürgern, in der Schweiz, was 3 % der Schweizer Bevölkerung ausmachte.	number_mismatch
13149	Geschichte der Sprachwissenschaften: Ein internationales Handbuch zur Entwicklung der Sprachforschung von den Anfängen bis zur Gegenwart.	Ein internationales Handbuch zur Entwicklung der Sprachforschung von den Anfängen bis zur Gegenwart.	lang_id
13152	Ecclesia suae in honore Sancte Marie Dei genitris dicatae noted the cartulary of Notre-Dame of Doms.	Ecclesia suae in honore Sancte Marie Dei genitris dicatae vermerkt das Chartular von Notre-Dame des Doms.	lang_id
13163	When Colonel Bromley died in the 1830s, leaving seven daughters and no son, his executors decided to sell the estate, which comprised less than 800 acres (3.2 km2) and was heavily encumbered by debts.	Nachdem Colonel Bromley in den 1830er-Jahren verstorben war und sieben Töchter und keinen Sohn hinterließ, entschlossen sich seine Nachlassverwalter, das Anwesen zu verkaufen, das weniger als 320 Hektar umfasste und stark mit Schulden belastet war.	number_mismatch
13164	Tal öfver Högstsalig Hans Majestät Konung Carl XIII, hållet på Gustavianska Lärosalen i Upsala, den 6 maj 1818.	Tal öfver Högstsalig Hans Majestät Konung Carl XIII, gehalten am Gustavianska Lärosalen in Uppsala, am 6. Mai 1818.	lang_id
13182	The number rose to 44 electors present by 19 February 1691, and by the time of the election of Innocent XII in July, 61 electors were present.	Die Zahl stieg bis zum 19. Februar auf 44, und bei der Wahl Innozenz XII. im Juli waren 61 Wahlberechtigte anwesend.	number_mismatch
13188	"""Küss mich, Student!""."	Küss mich, Student!	lang_id
13210	W. Hanle: Langjährige Freundschaft mit Robert Döpel.	Wilhelm Hanle: Langjährige Freundschaft mit Robert Döpel.	lang_id
13231	Stone was a founding member of the National Association of Rudimental Drummers (NARD) which began in 1933, and served as its president for fifteen years.	Stone war eines der Gründungsmitglieder der 1933 gegründeten National Association of Rudimental Drummers (NARD), in der er 15 Jahre den Vorsitz hatte.	number_mismatch
13249	"Likewise, hash- ""active second person plural"" + sa- is realized as hassa-."	"Ebenso resultiert hash- ""Aktiv 2. Person Plural"" + sa- als hassa-."	number_mismatch
13262	Interrupt request (IRQ).	Unterbrechungsanforderung (IRQ)	lang_id
13268	Huf, Franz und Adams, Manfred: Von Generationen für Generationen.	Franz Huf; Manfred Adams: Von Generationen für Generationen.	lang_id
13289	A. Gardener´s Guide.	A. Gardener’s Guide.	lang_id
13290	The 10–12 cwt version had seven leaves, and the 15–17 cwt version had eight leaves.	Die Versionen mit 10 bis 12 cwt hatten sieben Federblätter, die 15-cwt-Version acht.	number_mismatch
13303	"""CIA man free after 'blood money' payment""."	CIA-Mitarbeiter gegen „Blutgeld“ freigelassen.	lang_id
13305	In the summer of 2000, he helped re-plan the Program as a chain of scientifically, technologically and operationally interrelated missions with a spacecraft launched to Mars every two years.	Im Sommer desselben Jahres beteiligte er sich im großen Umfang an der Neuplanung des Programmes, das als eine Kette von wissenschaftlichen, technischen und funktional in Wechselbeziehung stehenden Missionen mit zweijährlichen Raketenabschüssen zum Mars definiert wurde.	number_mismatch
13306	After Platée arrives, Mercury leaves to inform Jupiter.	Nachdem Platée eintrifft, verlässt Merkur das Geschehen, um Jupiter zu informieren.	lang_id
13326	In 2012, the stadium was home to the Elite Football League of India.	2012 war es Heimstätte der Elite Football League of India.	lang_id
13328	In the 1970s, the pulp and paper industry accounted for half of Finnish exports.	Noch in den siebziger Jahren des 20. Jahrhunderts machte die Holz- und Papierwirtschaft über die Hälfte des finnischen Exportes aus.	number_mismatch
13333	In the 1990s Schloss continued her work with new forms of art and media.	In den 90ern setzte sie ihre Arbeit mit neuen Kunst- und Medienformen fort.	number_mismatch
13341	"Aviezri Fraenkel; D. Lichtenstein (1981), ""Computing a perfect strategy for n×n chess requires time exponential in n"", J. Combin."	Aviezri Fraenkel, D. Lichtenstein: Computing a perfect strategy for n×n chess requires time exponential in n. In: J. Comb.	lang_id;number_mismatch
13361	Maud von Ossietzky in Die Weltbühne vol.	Maud von Ossietzky: Die Weltbühne.	lang_id
13371	Only 2 or 3 percent of the original CryEngine code is re-used, according to Michiel Verheijdt, Senior Product Manager for Ubisoft Netherlands.	Lediglich zwei bis drei Prozent der CryEngine 1 werden laut einem Interview mit dem Senior Produktmanager Michiel Verheijdt in der Dunia-Engine wiederverwendet.	number_mismatch
13380	The original company name was Girozentrale der österreichischen Genossenschaften.	Der ursprüngliche Unternehmensname lautete auf Girozentrale der österreichischen Genossenschaften.	lang_id
13391	Armed with a stolen Enfield-type police rifle, 50 rounds of ammunition, and an axe, he started killing people in the area of Malampaka, a village about 40 miles southeast of Mwanza.	Ausgerüstet mit einem gestohlenen Polizeigewehr des Typ Lee-Enfield, 50 Schuss Munition und erneut einer Axt begann er in Malampaka, einem Dorf etwa 65 Kilometer südöstlich von Mwanza.	number_mismatch
13402	Caspar Neher became head of design in 1927 and designed here eight operas and 11 plays.	Caspar Neher wurde 1927 Bühnenbildner und gestaltete hier acht Opern und elf Schauspiele.	number_mismatch
13413	Oud Holland, 120(3/4), 160-180. . .	Oud Holland, 120(3/4), 160–180.	lang_id
13435	It has been estimated that CT scans performed in the US in 2007 alone will result in 29,000 new cancer cases in future years.	Ausgehend von 70 Millionen durchgeführter CT-Scans in den USA im Jahr 2007 sind 29.000 künftige Krebserkrankungen zu befürchten.	number_mismatch
13449	Cummings Study Guides.	Auf: Cummings Study Guides.	lang_id
13455	Role: Pastor.	Rolle: Pfarrer.	lang_id
13458	"""Vrindavan ke suron ne Italy lautne nahi diya"", Hindustan, 29 December 2002."	Vrindavan ke suron ne Italy lautne nahi diya, Hindustan, 29. Dezember 2002.	lang_id
13478	The second one was, in 1993, the Pakistan office, followed in 1994 by Turkey and Cambodia, and by Russia, Nigeria, and the Central America office in El Salvador (all in 1995).	Als nächstes entstanden 1994 die Büros in der Türkei und Kambodscha, gefolgt von den Büros in Russland, Nigeria und dem Mittelamerika-Büro in El Salvador (alle 1995).	number_mismatch
13489	F. W. Bessel: Untersuchungen über die scheinbare und wahre Bahn des im Jahre 1807 erschienenen grossen Kometen.	F.W. Bessel: Untersuchungen über die scheinbare und wahre Bahn des im Jahre 1807 erschienenen großen Kometen.	lang_id
13495	It houses the Center of Contemporary Art Pispala.	Es beherbergt das Center of Contemporary Art Pispala.	lang_id
13496	Journal of Management Studies 43(6), 2006, 1331-1337 (mit K. Soin, K. Sahlin-Andersson, & M. Power).	Journal of Management Studies 43(6), 2006, 1331–1337 (mit K. Soin, K. Sahlin-Andersson, & M. Power).	lang_id
13500	In mid-March, Maoist rebels kidnapped two Italians in Orissa.	2012 Mitte März entführten maoistische Rebellen zwei Italiener in Orissa.	number_mismatch
13512	In 1977 Nicholas Kekic stayed again in Rome.	Ab 1977 weilte Nikola Kekić erneut in Rom.	lang_id
13519	In his opening speech from the balcony of the palace, Martin declared that the museum had benefited from over one thousand donations of military antiques.	In seiner Eröffnungsansprache vom Balkon des Schlosses erklärte Martin, dass dem Museum weit über 1.000 Stiftungen von Militaria zugutegekommen seien.	number_mismatch
13544	On 6 January, the Third Army headquarters found itself under fire.	Am 6. Januar stand das Hauptquartier der 3. Armee unter Beschuss.	number_mismatch
13558	In 1589 a book consisting of several of Bacchini's masses for 5 or 6 voices was published in Mantua.	1589 wurde in Mantua ein Buch mit mehreren von Bacchinis Messen für fünf oder sechs Stimmen veröffentlicht.	number_mismatch
13561	Arbeiten aus der Sammlung Kaske 1970-2010.	Arbeiten aus der Sammlung Kaske 1970 - 2010.	lang_id
13568	"""Als die Bomben fielen""."	Heim: Als die Bomben fielen.	lang_id
13577	The Oxford Canal was constructed in several stages over a period of more than twenty years.	Der Oxford-Kanal wurde in mehreren Stufen über einen Zeitraum von etwa 20 Jahren gebaut.	number_mismatch
13581	In: Cultures of Radicalism in Britain and Ireland, ed.	In: Cultures of Radicalism in Britain and Ireland., ed.	lang_id
13602	In 1755 he corresponded with Laurent Angliviel de la Beaumelle.	1755 korrespondierte er mit Laurent Angliviel de La Beaumelle.	lang_id
13611	Yhteissisu bought 31.1 hectares (77 acres) of land on 14 March 1944.	Yhteissisu kaufte am 14. März 1944 31,1 Hektar Land.	number_mismatch
13613	After agreeing on the move, he returned to Cerro Porteño in February, where he remained until his 18th birthday in June.	Nach der Einigung auf den Wechsel zu Porto kehrte er im Februar zu Cerro Porteño zurück, wo er bis zu seinem 18. Geburtstag im Juni 2011 blieb.	number_mismatch
13626	2001 – Ground, Olli-Pekka Tuomisalo, alto saxophone, Risto-Matti Marin, piano, OPTCD-01003-4.	2001 – Ground, Olli-Pekka Tuomisalo, Altsaxophon, Risto-Matti Marin, Klavier, OPTCD-01003-4.	lang_id
13632	Since 2006 at the Museum of Contemporary Art of Andalusia in Monasterio de la Cartuja.	Seit 2006 im Zentrum für zeitgenössische Kunst Andalusien im Monasterio de la Cartuja.	lang_id
13637	Mozilla Firefox using the ARM 4.0 XPCOM extension npARM.	Mozilla Firefox mittels der ARM 4.0 XPCOM npARM Erweiterung.	lang_id
13639	"Articles (selection) ""Zum Problem Stagnation und Wachstum in der Wirtschaftsgeschichte."""	Aufsätze (Auswahl) Zum Problem Stagnation und Wachstum in der Wirtschaftsgeschichte.	lang_id
13656	"""Axentra Announces HipServ 2.0 for PlugTop Computing"" (PDF) (Press release)."	Axentra Announces HipServ 2.0 for PlugTop Computing (PDF) Axentra.	lang_id
13657	Burton was also the CCF's candidate in Melville in the 1957 and 1958 elections, and the NDP's candidate in Melville in 1962, in Regina City in 1965, in Regina East in 1972 and 1974, and in Wascana in 1997, but was not successful in those elections.	Burton war auch der CCF-Kandidat in Melville in den Wahlen 1957 und 1958 und NDP-Kandidat in Melville 1962, in Regina City 1965, Regina East 1972 und in Wascana 1997, aber unterlag bei diesen Wahlen.	number_mismatch
13660	The Alameda would be the next ship north, and would not arrive in Seattle until January 31, and then would take another 6 to 7 days to arrive in Seward.	Die Alameda, das nächste Schiff nach Norden, sollte Seattle am 31. Januar erreichen und für die Fahrt nach Seward sechs bis sieben Tage benötigen.	number_mismatch
13669	After the loss of those positions, Don Carlo de la Gatta, the castillan of Orbetello, retreated to the hermitage of Cristo.	Nach dem Verlust dieser Stellungen zog sich Don Carlo de la Gatta, der Kastellan von Orbetello, in die Klause von Cristo zurück.	lang_id
13685	57 (1975) Sieben Mikroszenen for clarinet, violoncello and piano, op.	57 (1975) Sieben Mikroszenen für Klarinette, Violoncello und Klavier op.	lang_id
13706	This is supported among others by old Kagyu literature where one frequently finds the expression of the 2 Karmapas, black and red hat.	Dies würde von anderen Quellen in der älteren Kagyü Literatur unterstützt, wo oft das Symbol der zwei Karmapas zu finden sei, der schwarze und der rote Hut (oder Krone).	number_mismatch
13708	Red Nose Day USA.	Die Idee des Red Nose Day kommt aus dem Vereinigten Königreich.	length;lang_id
13711	Perlmutter, H. V., Heenan, D. A. (1974), How Multinational Should Your Top Managers Be?, in: Harvard Business Review, 52.	Perlmutter, H. V., Heenan, D. A. (1974), How Multinational Should Your Top Managers Be?, in: Harvard Business Review, 52. Jg., Heft 6/1974, S. 121–132.	lang_id;number_mismatch
13737	Die Sammlungen des Lichtspiels setzen sich aus diversen Depositen von Filmemachern sowie privaten Sammlungsbeständen und zahlreichen Nachlässen unterschiedlichster Persönlichkeiten zusammen.	Die Sammlungen setzen sich aus diversen Depositen von Filmemachern sowie privaten Sammlungsbeständen und zahlreichen Nachlässen unterschiedlichster Persönlichkeiten zusammen.	lang_id
13742	Richard Rorty, Stolz auf unser Land.	Richard Rorty: Stolz auf unser Land.	lang_id
13747	The ship cost 36.523 million Marks.	Das Schiff kostete schließlich 36,523 Millionen Mark.	lang_id
13750	"""Dank Katy Perry: US-Erfolg für koreanischen Sänger Psy""."	Dank Katy Perry: US-Erfolg für koreanischen Sänger.	lang_id
13771	The Wessyngton (Washington) Family had not owned Washington Old Hall since the early 15th century when Sir William Mallory married Dionysia Tempest, the last Wessyngton heir at the Hall.	Die Wessyngton-(Washington)-Familie ist seit dem frühen 14. Jahrhundert nicht mehr im Besitz von Washington Old Hall, als Sir William Mallory Dionysia Tempest, die letzte Wessyington-Erbin, in der Hall heiratete.	number_mismatch
13783	Production house Sandra Luzina: Eine verwickelte Affäre.	Sandra Luzina: Eine verwickelte Affäre.	lang_id
13789	In 1993, Wolfgang Gewalt retired.	1993 trat Wolfgang Gewalt in den Ruhestand.	lang_id
13808	The show eventually raised $43,521, enough to restore the instrumental music education program at PS 85 in the Bronx.	Die Show erbrachte schließlich 43.521 US-Dollar und konnte damit das Instrumentalmusik-Bildungsprogramm an einer Schule in der Bronx wiederherstellen.	number_mismatch
13812	"""Neue Schweizer Hybridzeitung – Papier nur freitags"" ."	Neue Schweizer Hybridzeitung : Papier nur freitags.	lang_id
13815	"The ""Mobilität im Wandel: Fortschritt oder Stillstand?"" conference took place on September 17, 2014, in the Ritz-Carlton hotel, Berlin 10,12."	Die Konferenz „Mobilität im Wandel: Fortschritt oder Stillstand?“ fand am 17. September 2014 im Berliner Ritz-Carlton Hotel statt.	number_mismatch
13829	This version is ITIL certified by PinkVERIFY and supports ten ITIL v3 processes.	Diese Version ist durch den Anbieter PinkVERIFY ITIL-zertifiziert und unterstützt zehn ITIL-Prozesse.	number_mismatch
13847	WCRP World Climate Research Programme.	In: WCRP World Climate Research Programme.	lang_id
13852	His younger brother was Houston Stewart Chamberlain.	Sein jüngster Bruder war Houston Stewart Chamberlain.	lang_id
13854	"Sarah Howells & Secede - ""Believe in You"" 2010: Lange feat."	Sarah Howells & Secede − Believe In You 2010: Lange feat.	lang_id
13860	In summary, several of the largest and most striking summits of the Lechtal Alps are concentrated within a radius of less than 3 kilometres around the Fallenbacherspitze.	Damit befinden sich einige der größten und beeindruckendsten Gipfel der Lechtaler Alpen in einem Radius von weniger als drei Kilometern um die Fallenbacherspitze.	number_mismatch
13874	Ashuddha tattvas The last twenty-four tattvas (13–36) are known as the ashuddha or 'impure' tattvas.	Ashuddha tattvas Die weiteren 24 Tattvas (13–36) sind bekannt als ashuddha oder 'Unrein'-Tattvas.	number_mismatch
13876	Articles and Papers: Introduction to ‘Images of the mind' (1997).	Artikel und Papers: Introduction to ‘Images of the mind (1997).	lang_id
13894	Archiv für das Studium der neueren Sprachen und Literaturen is the oldest modern philological journal, founded in 1846 by Ludwig Herrig and Heinrich Viehoff.	Das Archiv für das Studium der neueren Sprachen und Literaturen, die älteste neuphilologische Zeitschrift, wurde 1846 von Ludwig Herrig und Heinrich Viehoff gegründet.	lang_id
13895	No degrees were given in the years 1417–30; at times there were only eight or nine professors.	In den Jahren 1417–1430 konnten keine Graduierungen vorgenommen werden und zu manchen Zeiten gab es gerade acht oder neun Professoren.	number_mismatch
13899	The New Yorker, News Desk.	In: The New Yorker, News Desk.	lang_id
13901	The two engineers who last checked the brakes on the freight train were each sentenced to 12 years in prison.	Die beiden Eisenbahner, die die letzte Bremsprobe an dem Güterzug durchzuführen hatten, wurden in dem folgenden Strafverfahren zu jeweils zwölf Jahren Gefängnis verurteilt.	number_mismatch
13912	Largely obsolete.	Zum Teil veraltet.	lang_id
13917	"""Daniel Bierofka: Ich leide mit den Löwen"" (in German)."	Daniel Bierofka: Ich leide mit den Löwen.	lang_id
13919	Caffè Giubbe Rosse is a café in Piazza della Repubblica (13-14r), Florence.	Caffè Le Giubbe Rosse ist ein Café an der Piazza della Repubblica (13-14r), Florenz.	lang_id
13933	"Even today, one hears the German expression ""Das macht nach Adam Ries(e)..."""	Heute noch kennt man den Spruch „Das macht nach Adam Ries(e) ...“.	lang_id
13949	In February 2012, the 5 millionth Jimdo site went online and in November 2013, the 10 millionth.	Im Februar 2012 ging die 5.000.000ste Jimdo-Seite online, im November 2013 die 10.000.000ste.	number_mismatch
13977	They were a member of the ABA in its last two seasons, 1974–75 and 1975–76, while playing their home games at the St. Louis Arena.	Sie waren Mitglieder der ABA in ihren letzten zwei Spielzeiten, 1974–1975 und 1975–1976, und trugen ihre Heimspiele in der St. Louis Arena aus.	number_mismatch
13978	"In 2015 LG introduced what is probably the lightest 14"" laptop, weighing 0.98 kilograms (2.2 lb), less than an 11.6"" MacBook Air."	"Anfang 2015 stellte LG den bisher leichtesten 14""-Laptop vor, der mit seinen 0,98 kg leichter als ein 11.6"" MacBook Air ist."	number_mismatch
13982	Cardinal Désiré-Joseph Mercier.	Nachruf auf Désiré-Joseph Mercier.	lang_id
13994	As a result, Walter de Beauchamp chose to side with Matilda.	In der Folge schlug sich Walter de Beauchamp auf die Seite von Matilda.	lang_id
13998	Gamera-Shmyrko successfully defends Osaka crown.	27. Januar 2013 IAAF: Gamera-Shmyrko successfully defends Osaka crown.	number_mismatch
14000	In addition, in 1908 he founded the Vereinigung für hygienische, ethische und ästhetische Kultur (Organization for hygienic, ethical and aesthetic culture).	Ebenso 1908 gründete er die „Vereinigung für hygienische, ethische und ästhetische Kultur“.	lang_id
14042	2012: Das Ding Galerie, Lucerne 2012: Das Esszimmer, Bonn 2011: Sleeper, Edinburgh, UK 2003: Sleeper, Edinburgh, UK 2000: Marianne Eigenheer.	2012: Das Ding Galerie, Luzern 2012: Das Esszimmer, Bonn 2011: Sleeper, Edinburgh, UK 2003: Sleeper, Edinburgh, UK 2000: Marianne Eigenheer.	lang_id
14066	"""(Deutsch) Darmstädter Musikgespräche | Jazzinstitut Darmstadt""."	(Deutsch) Darmstädter Musikgespräche | Jazzinstitut Darmstadt.	lang_id
14074	"After visiting Norman in the hospital early in Season 2, Brother Justin and Iris head home and pass a tree; Justin names this location ""New Canaan"", the future site of his temple."	Nach dem Besuch bei Norman im Krankenhaus am Anfang der zweiten Staffel, fahren Brother Justin und Iris nach Hause und fahren am Baum vorbei; Justin nennt den Ort „New Canaan“, der zukünftige Platz seines Tempels.	number_mismatch
14105	After 1816 he was Senior Bishop for nineteen years.	Nach 1816 war er 19 Jahre lang Senior Bishop.	number_mismatch
14118	"""What Is the Bible’s View?"	Was hältst du von der Bibel?	lang_id
14120	Wherein lies the truth?	Wann ist eine Aussage wahr?	lang_id
14122	In 1834, Philipp Jakob Wieland set up a factory health insurance, today’s Wieland BKK.	Philipp Jakob Wieland gründete 1834 eine Fabrik-Krankenkasse, die heutige Wieland BKK.	lang_id
14138	Antoine d'Arces, Sieur de la Bastie, the French deputy for Regent Albany, summoned Cockburn and Home to resolve the dispute.	Antoine d'Arces, Sieur de la Bastie, der französische Stellvertreter des Regent Albany, forderte Cockburn und Home auf, den Streit zu begraben.	lang_id
14164	Two days later, on September 1, 1181, the cardinals assembled at Rome (probably at Lateran or Vatican Basilica) and unanimously elected the senior member of the Sacred College, Cardinal Ubaldo of Lucca, Bishop of Ostia and Dean of the Sacred College of Cardinals.	Zwei Tage später, am 1. September, versammelten sich die Kardinäle in Rom (vermutlich in der Lateran- oder Vatikanbasilika) und wählten einstimmig das älteste Mitglied des Kardinalskollegium, Kardinal Ubaldo von Lucca, Bischof von Ostia und Kardinaldekan.	number_mismatch
14174	Houston Symphony Orchestra & Chorus (HS Label) 2004: Béla Bartók: The Wooden Prince, Igor Strawinski: Divertimento (from Le Baiser de la Fée).	Houston Symphony Orchestra & Chorus (HS Label) 2004: Béla Bartók: Der holzgeschnitzte Prinz, Igor Strawinski: Divertimento (aus Le Baiser de la Fée).	lang_id
14200	Incompatible materials 10.6.	Unverträgliche Materialien 10.6.	lang_id
14203	In 2004, she returned to Germany to undergo full-time studies in singing and composition which she completed in 2008.	2002 kam sie wieder nach Deutschland, um ein Vollzeitstudium in Gesang und Komposition aufzunehmen, das sie 2008 erfolgreich beendete.	number_mismatch
14206	The two left Vermont in the winter of 1810-11.	Die beiden verließen Vermont im Winter 1810–1811.	number_mismatch
14211	Biotropica 30.1 (1998): 104-19.	In: Biotropica 30.1 (1998): 104-19.	lang_id
14221	"Alicia Keys – Gangsta Lovin'""."	Alicia Keys – Gangsta Lovin’.	lang_id
14227	In: Nazi Psychoanalysis - Vol.	In: Nazi Psychoanalysis – Vol.	lang_id
14242	Ehrenberg, Staat, pp. 114.	Ehrenberg, Staat, S. 114.	lang_id
14243	Thirty-seven other dwellings were listed within the barony of Eglinton.	37 weitere Wohnhäuser waren in der Baronie Eglinton aufgeführt.	number_mismatch
14244	Felix Denk, Sven von Thülen: Der Klang der Familie: Berlin, Techno und die Wende.	Felix Denk, Sven von Thülen: Der Klang der Familie – Berlin, Techno und die Wende.	lang_id
14254	Benchmark Report.	Benecke-Report.	lang_id
14264	Text by P. Jankowski Entuzjasta (The Enthusiast).	Text von P. Jankowski Entuzjasta (The Enthusiast).	lang_id
14272	Katalog anlässlich der Ausstellung in der Villa Goecke .	Katalog anlässlich der Ausstellung in der Villa Goecke.	lang_id
14291	It is known that the second earl resided at Warkworth and undertook building work there, but it is now unclear for which parts he was responsible.	Es ist bekannt, dass der 2. Earl of Northumberland in Warkworth Castle residierte und dort auch Bauarbeiten durchführen ließ, aber man weiß nicht, für welche Gebäudeteile er verantwortlich ist.	number_mismatch
14307	"""Farid Bang feat."	Farid Bang feat.	lang_id
14314	3 x 50 Jahre - Schweizer Eisenbahnen in Vergangenheit, Gegenwart und Zukunft (3 x 50 years: Swiss railways in the past, present and future) (in German).	3x50 Jahre – Schweizer Eisenbahnen in Vergangenheit, Gegenwart und Zukunft (1997) Eisenbahnatlas Schweiz.	lang_id;number_mismatch
14328	An exception is the chamis de monte (Lupinus jaimehintoniana) of Oaxaca in Mexico, which is a tree up to 8 m (26 ft) tall.	Eine Ausnahme ist die „Chamis de Monte“ (Lupinus jaimehintoniana) von Oaxaca in Mexiko, die bis zu 8 m hoch wird.	number_mismatch
14346	The tower was built for the National Life and Accident Insurance Company and served as its National Life Center until the State of Tennessee acquired it on January 3, 1994.	Der Wolkenkratzer wurde ursprünglich für die National Life and Accident Insurance Company gebaut und diente als National Life Center, bis der US-Bundesstaat Tennessee das Gebäude 1994 kaufte.	number_mismatch
14356	They find they have stolen over £3 million − much more than they have anticipated or reported by the media.	Sie stellen fest, dass sie über drei Millionen Pfund erbeutet haben – viel mehr, als von den Medien gemeldet wurde.	number_mismatch
14367	ISBN 5-11-003970-4 (	ISBN 3-510-95920-5 (	lang_id;number_mismatch
14368	Nazar bei der Premierenfeier zum Film Schwarzkopf Booklet des Albums Illuminati Film Production	Nazar bei der Premierenfeier zum Film Schwarzkopf illuminati.at Booklet des Albums	lang_id
14372	BEC-Tero Entertainment Pcl.	In: BEC-Tero Entertainment Pcl.	lang_id
14377	It is the capital of Rutana Province, one of the 18provinces of Burundi.	Sie ist die Hauptstadt der Provinz Rutana, eine der 17 Provinzen von Burundi.	number_mismatch
14410	In 1981-84 Elkem acquired Union Carbides plants in Norway and North America and in 1986 the plants at Thamshavn and Bjølvefossen.	1981–1984 hat Elkem Union Carbides Anlagen in Norwegen und Nordamerika gekauft und 1986 die Anlagen in Thamshavn und Bjølvefossen.	number_mismatch
14415	In: Proceedings of the National Academy of Sciences (PNAS), Volume 109/50, (2012): 20358-20363 (with John F. Nash, Rosemarie Nagel and Reinhard Selten).	In: Proceedings of the National Academy of Sciences (PNAS), Volume 109/50, (2012), Seite 20358–20363 (mit John F. Nash, Rosemarie Nagel und Reinhard Selten).	lang_id
14418	There are up to nineteen important areas for bird migration in rivermouths along the gulf coast including the Gregory River-Nicholson River estuary and the Roper River in Limmen Bight.	Es gibt 19 bedeutende Vogelmigrationsgebiete an den Flussmündungen entlang der Golfküste. einschließlich des Gregory River-Nicholson River-Ästuar und des Roper River in der Limmen Bight.	number_mismatch
14428	Until the end of the 1950s, the German jazz scene was strongly fixated on imitating American jazz, and on regaining the period of development it had previously missed.	Bis Ende der 50er Jahre war die deutsche Jazz-Szene stark darauf fixiert, den amerikanischen Jazz zu imitieren und die verpasste Entwicklung nachzuholen.	number_mismatch
14431	"The nobles who gathered for a rokosz formed a ""confederation""."	Die Adligen, die sich zu einem Rokosz versammelten, konnten eine Konföderation (konfederacja) bilden.	lang_id
14438	"""Abriss des Südflügels hat begonnen""."	Abriss des Südflügels hat begonnen.	lang_id
14443	With more than 3 millions TV spectators the soap belongs to one of the most successful RTL-2-productions.	Mit durchschnittlich drei Millionen Zuschauern gehört die Serie zu den erfolgreichsten RTL-2-Produktionen.	number_mismatch
14447	"Polina Gagarina) 2017 - ""Мастер и Маргарита"" (Master i Margarita / The Master and Margareth, feat."	Polina Gagarina) 2017 – „Мастер и Маргарита“ (Master i Margarita / Master und Margarethe, feat.	lang_id
14458	During the inquiry, it was determined that her crew of 71 had only 37 trained seamen amongst them, and of these, ten could not speak English.	Bei späteren Untersuchungen stellte sich heraus, dass unter der Mannschaft nur 37 geschulte Seemänner waren, und nur 25 von ihnen sprachen Englisch.	number_mismatch
14473	The Euro Hockey Challenge is a competition consisting of the 12 best European ice hockey teams.	Die Euro Hockey Challenge ist ein Wettbewerb der zwölf besten europäischen Eishockeynationalmannschaften.	number_mismatch
14477	The 4 star Bad Feilnbach Imperial Camping Outdoor Resort, with 800 parking spaces, is an integral part of the tourist offer of Bad Feilnbach since 1968.	Der Vier-Sterne-Kaiser-Camping-Outdoor-Resort Bad Feilnbach mit ca. 800 Stellplätzen ist seit 1968 Bestandteil des touristischen Angebotes von Bad Feilnbach.	number_mismatch
14574	After serving four years on the executive board of IDS Scheer, as Co-CEO and Co-Chairman Responsible for Sales, Marketing and Internationalization, Abolhassan returned to SAP in 2005.	Nach einer 4-jährigen Tätigkeit in der Unternehmensführung von IDS Scheer als Co-CEO und Co-Chairman verantwortlich für Sales, Marketing und Internationalisierung kehrte Abolhassan 2005 zu SAP zurück.	number_mismatch
14580	It was first mentioned in 1022 and since the 14th century has been a pilgrimage site, benefiting not only from the visit of numerous pilgrims but also from its stacking rights as a trading station between Augsburg and the Venice.	In der zweiten Hälfte des 11. Jahrhunderts erstmals urkundlich erwähnt und seit dem 14. Jahrhundert Wallfahrtsort, profitierte Seefeld nicht nur vom Besuch zahlreicher Pilger, sondern auch vom Niederlagsrecht als Handelsstation zwischen Augsburg und Venedig.	number_mismatch
14592	"The Story of Music (""The Wonderful World"" series)."	The Story of Music („The Wonderful World“ Serie).	lang_id
14593	The house today remains essentially the mansion that Edmund Compton and his son William completed within a thirty-year period during the reigns of the first two Tudor monarchs.	Das Herrenhaus ist heute im Wesentlichen das Haus, das Edmund Compton und sein Sohn William innerhalb von 30 Jahren während der Herrschaft der beiden ersten Tudor-Monarchen bauten.	number_mismatch
14615	In Beqaa, the Resistance and Development Bloc won 11 seats, the Hariri List eight, and the Aoun Alliance four.	In Bekaa gewann der Widerstands- und Entwicklungsblock (Hisbollah und Verbündete) elf Sitze, die Hariri-Liste sechs und die Aoun-Allianz ebenfalls sechs Sitze.	number_mismatch
14626	Dale Jarrett (2000) and Tony Stewart (2002, 2007) are the only drivers to win the Budweiser Shootout without having won a pole position the previous year.	Dale Jarrett (2000) und Tony Stewart (2002, 2006 und 2007) sind die einzigen Fahrer, die den Shootout gewonnen haben, ohne im Vorjahr eine Pole-Position erzielt zu haben.	number_mismatch
14641	It is the Lord your God you must follow, and him you must revere.	"3) und er wird machen, daß ihr Gott gefallet und euch wieder Zugang zu ihm verschafften."""	number_mismatch
14654	Operation Thonapa.	In: Operation Thonapa.	lang_id
14668	In September 2003, the Federal Aviation Administration awarded Plattsburgh International Airport $624,200 of funding to build a passenger terminal.	Im September 2003 vergab die Federal Aviation Administration einen Zuschuss in Höhe von 624.000 US-Dollar an den Plattsburgh International Airport, um ein Passagierterminal zu errichten.	number_mismatch
14670	Davenport is served by the Davenport Municipal Airport.	Davenport wird vom Davenport Municipal Airport versorgt.	lang_id
14674	"""Daddy Day Care""."	Sie nennen diese Daddy Day Care.	lang_id
14682	Together they wrote Jewish Family Names and their Origins: an Etymological Dictionary (1992).	Gemeinsam schrieben sie Jewish Family Names and their Origins: an Etymological Dictionary (1992).	lang_id
14684	Answering yes to three or more of these questions indicates compulsive spending.	Wird auf drei oder mehr der 15 Fragen mit „Ja“ geantwortet, so zeigt dies an, dass Zwanghaftes Schuldenmachen vorliegt.	number_mismatch
14690	In: Sikart.	In: SikArt.	lang_id
14716	The Old-Time Herald, Vol.	In: The Old-Time Herald, Vol.	lang_id
14718	Example: The determination of the packing mass of a product on the Level one defines the volume and weight of a product and therefore the maximum number of items per carrier (e.g., container).	Ein Beispiel: Die Festlegung der Verpackungsmaße eines Produktes auf der Ebene 1 definiert das Volumen und das Gewicht eines Produktes und folglich die maximale Anzahl der Produkte pro Ladungsträger, zum Beispiel pro Containerladung.	number_mismatch
14738	Josef Körner (ed.): Krisenjahre der Romantik.	Josef Körner (Hrsg.): Krisenjahre der Romantik.	lang_id
14741	She became the favourite model of her aunt, the celebrated photographer Julia Margaret Cameron, who made more than 50 portraits of her.	Sie wurde zum bevorzugten Modell ihrer Tante, der Fotografin Julia Margaret Cameron, die über fünfzig Porträts von ihr schuf.	number_mismatch
14764	"""Dan Knauf Interview""."	Beth Blighton: Dan Knauf Interview.	lang_id
14776	Own villa in Pavlovsk.	Eigene Villa in Pawlowsk.	lang_id
14802	Grandmama of Europe.	Die Großmutter Europas.	lang_id
14804	Holeindre also founded the FAF (Front pour l'Algérie Française, Front for French Algeria).	Holeindre gründete auch die FAF (Front pour l’Algérie Française).	lang_id
14828	ARP spoofing	ARP-Spoofing	lang_id
14836	Das Wetter auf St. Urban zeigt des Herbstes Wetter an.	Das Wetter um den St. Urban zeigt auch des Herbstes Wetter an.	lang_id
14839	"""Édouard Manet, les premières œuvres"" (in French)."	"""Édouard Manet, les premières œuvres"" (auf französisch)."	lang_id
14863	Isan (Thai: มณฑลอีสาน): Monthon Isan was established in 1900.	Isan (มณฑลอีสาน): Das Monthon Isan wurde 1900 errichtet.	lang_id
14867	"""Forschen – Bauen – Fliegen Die Akademischen Fliegergruppen (Akaflieg) in Deutschland bis 1945""."	Die Akademischen Fliegergruppen (Akaflieg) in Deutschland bis 1945.	lang_id
14884	Important Records was also home to Megaforce Records in the mid-1980s and produced Metallica's Kill 'Em All and Ride the Lightning (prior to Metallica's transfer to Elektra Records), Anthrax's Fistful of Metal and many other early Megaforce releases.	Important Records war auch zudem das zu Hause von Megaforce Records Mitte der 80er Jahre und produzierte Kill ’Em All und Ride the Lightning von Metallica (bevor Metallica zu Elektra Records wechselte), Fistful of Metal von Anthrax und viele weitere Veröffentlichungen.	number_mismatch
14886	Seleukidische Aspekte des Ersten Sizilischen Sklavenkriegs und der Herrschaft des Eunus-Antiochos, in: Polifemo 11, 2011, pp.  233–251.	Seleukidische Aspekte des Ersten Sizilischen Sklavenkriegs und der Herrschaft des Eunus-Antiochos, in: Polifemo 11, 2011, 233–251.	lang_id
14897	You Ain't Seen Nothin' Yet!	You ain’t heard nothin’ yet!	lang_id
14911	"In 1987 Barz, Leistner and Wild published the book ""„Hättest Du gedacht, dass wir so viele sind?"	1987 verfassten Monika Barz, Herta Leistner und Ute Wild das Buch „Hättest Du gedacht, dass wir so viele sind.	lang_id
14925	Songs: For fun.	Singen macht Spaß – oder?	lang_id
14932	Maracanã Stadium in Rio de Janeiro, Brazil.	Maracanã-Stadion in Rio de Janeiro, Brasilien.	lang_id
14936	The first ClubJenna film, Briana Loves Jenna (2001), co-produced with Vivid, cost US$280,000 to make, and grossed over $1 million in its first year.	Der erste ClubJenna-Film Briana loves Jenna (mit Briana Banks) wurde von Vivid koproduziert und kostete 280.000 Dollar, brachte aber bereits im ersten Jahr über eine Million Dollar ein.	number_mismatch
14960	Inv. no. 69.24) in Milan.	Inv. no. 69.24) in Mailand aufbewahrt.	lang_id
14998	In November, the band played in Europe again next to Parkway Drive, Emmure and The Word Alive.	Im November 2012 war die Band ebenfalls in Europa neben Parkway Drive, Emmure und The Word Alive zu sehen.	number_mismatch
15007	Der erste Stellvertreter: Papst Pius XI. und der geheime Pakt mit dem Faschismus.	Papst Pius XI. und der geheime Pakt mit dem Faschismus.	lang_id
15019	In 1999, Millennium Park officials and a group of art collectors, curators and architects reviewed the artistic works of 30 different artists and asked two for proposals.	Im Jahre 1998 besichtigten offizielle Vertreter des Millennium Parks und eine Gruppe aus Kunstsammlern, Kuratoren und Architekten Kunstwerke von 30 verschiedenen Künstlern, von denen sie zwei um einen Projektvorschlag baten.	number_mismatch
15035	"""Slubice: Polnische Stadt setzt Wikipedia ein Denkmal""."	Slubice: Polnische Stadt setzt Wikipedia ein Denkmal.	lang_id
15096	The structure was built between 1986 and 1992 by France's Campenon Bernard Construction Company and opened in 1996.	Es wurde von 1986 bis 1992 vom französischen Bauunternehmen Campenon Bernard errichtet und 1995 eröffnet.	number_mismatch
15120	He also regularly publishes political science papers, for example in the Blättern für deutsche und internationale Politik.	Außerdem veröffentlicht er regelmäßig politikwissenschaftliche Beiträge, etwa in den Blättern für deutsche und internationale Politik.	lang_id
15139	Based on the finding from Dura Europos, where Rostovtzeff had excavated in the 1920s and 1930s, Gilliam studied inscriptions and papyrological documents of Roman military history in the eastern provinces.	Ausgehend von den Funden von Dura Europos, wo Rostovtzeff in den 20er und 30er Jahren die Ausgrabungen geleitet hatte, behandelte Gilliam inschriftliche und papyrologische Dokumente der römischen Militärgeschichte in den östlichen Provinzen.	number_mismatch
15159	"""Über organische Katalysatoren."	Über organische Katalysatoren.	lang_id
15160	Ein Beitrag zur Geschichte der deutschen Architektur der zweiten Hälfte des 19.	Ein Beitrag zur Geschichte der deutschen Architektur der zweiten Hälfte des 19. Jahrhunderts.	lang_id
15166	Ship2shore.it.	In: Ship2Shore.it.	lang_id
15174	During the late 1990s the foundation, along with the G7, World Bank, World Trade Organization, and International Monetary Fund, came under heavy criticism by anti-globalization activists who claimed that capitalism and globalization were increasing poverty and destroying the environment.	Ende der 1990er-Jahre gerieten das Forum, der G8-Gipfel, die Weltbank, die WTO und der IWF unter die massive Kritik von Globalisierungskritikern, deren Meinung nach Kapitalismus und Globalisierung die Armut verstärken und die Umwelt zerstören.	number_mismatch
15188	"Ishii Shiro: Fast wie mein eigen Vaterland: Briefe aus Japan 1886–1889 (""Almost like my own Fatherland: Letters from Japan 1886–1889"")."	Ishii Shirō: Fast wie mein eigen Vaterland: Briefe aus Japan 1886–1889.	lang_id
15209	"Wigbert Benz: Der Hungerplan im ""Unternehmen Barbarossa"" 1941."	Wigbert Benz: Der Hungerplan im „Unternehmen Barbarossa“ 1941.	lang_id
15215	750 Jahre Arnsberg.	In: 750 Jahre Arnsberg.	lang_id
15221	NDL-OPAC.	NDL-OPAC	lang_id
15222	On January 28, 2009, Iurbentia Bilbao waived him, after he missed 3 games in a row, due to his health, and on February 13, he signed with ViveMenorca.	Am 28. Januar 2009 wurde er von Iurbentia Bilbao entlassen, da er aufgrund seiner gesundheitlichen Verfassung drei Spiele in Folge verpasst hatte, daraufhin unterschrieb er am 13. Februar bei ViveMenorca.	number_mismatch
15246	The first season of television shows has been released with English subtitles from Media Blasters / Tokyo Shock.	Die 1. Staffel der Fernsehserie wurde mit englischen Untertiteln von Media Blasters / Tokyo Shock herausgebracht.	number_mismatch
15252	Originally all 15 engines were painted green.	Ursprünglich waren alle fünfzehn Maschinen grün lackiert.	number_mismatch
15266	In 1580 it belonged to Donogh O’Brien.	1580 gehörte sie Donogh O'Brien.	lang_id
15281	November 15, 2012. ″Harlan D. Mills retires,″ press release, IBM Federal Systems Division.	Nachruf NY Times „Harlan D. Mills retires“, Pressemitteilung, IBM Federal Systems Division.	lang_id;number_mismatch
15287	His wife Mina Elizabeth Burton was the author of a novel titled Ruling the Planets (1891).	Seine Frau Elizabeth Burton war die Autorin des Romans Ruling the Planets (1891).	lang_id
15289	Proceedings of the Eighth American Scientific Congress.	In: Proceedings of the 8th American Scientific Congress.	number_mismatch
15295	From 1984 to 1993, he held responsibility for the CNRS research group « Recherche interlinguistique sur les variations d’actance et leurs corrélats » (Interlinguistic research on actancy variations and their correlates).	Von 1984 bis 1993 war er für die CNRS-Forschungsgruppe „Interlinguistische Forschung über die Variationen von Actance und ihre Korrelate“ (Interlinguistic für Actancy-Variationen und ihre Korrelate) verantwortlich.	lang_id
15316	Rudolfsheim-Fünfhaus was formed mainly from the communities of Rudolfsheim, Fünfhaus and Sechshaus, which currently are the 3 Katastralgemeinden sections of the district.	Rudolfsheim-Fünfhaus wurde im Wesentlichen aus den Gemeinden Rudolfsheim, Fünfhaus und Sechshaus gebildet (die drei Einheiten bestehen als Katastralgemeinden fort).	number_mismatch
15325	American Fisheries Society Symposium.	In: American Fisheries Society Symposium.	lang_id
15353	Through Wagenfeld-Ströhen the Großer Aue runs to Barenburg.	Durch Wagenfeld-Ströhen verläuft die Große Aue nach Barenburg.	lang_id
15357	Seven Days in Sammystown was the first Wall of Voodoo album featuring Prieboy.	Seven Days In Sammystown war 1986 das erste Wall of Voodoo-Album mit Prieboy.	number_mismatch
15376	"Tell us the lineage of your Lord."""	Siehe, wir folgen Deiner Majestät an jeden Ort, zu dem sich begeben wird!	length
15377	Briefe an eine Freundin: Rahel Varnhagen an Rebecca Friedländer (Cologne: Kiepenheuer and Witsch, 1988 and 2018).	Briefe an eine Freundin: Rahel Varnhagen an Rebecca Friedländer (Köln: Kiepenheuer and Witsch, 1988 and 2018).	lang_id
15388	The 12 highest-ranked companies remain known as the Great Twelve City Livery Companies.	Die ranghöchsten zwölf Livery Companies werden Great Twelve City Livery Companies genannt.	number_mismatch
15428	"""Necronomicon - Geträumte Sünden""."	Necronomicon – Geträumte Sünden.	lang_id
15430	Phase one was completed in 1994 with the widening of Main South Road to eight lanes between Ayliffes Road and Seacombe Road, and the widening of Marion Road to six lanes between Main South Road and Sturt Road.	Phase 1 wurde 1994 mit dem Ausbau der Main South Road auf 8 Spuren zwischen Ayliffes Road und Seacombe Road und der Verbreiterung der Marion Road auf 6 Spuren zwischen Main South Road und Sturt Road abgeschlossen.	number_mismatch
15432	Arf!'; } }); var animals = { a: new Cat('Missy'), b: new Cat('Mr. Bojangles'), c: new Dog('Lassie') }; Object.each(animals, function(animal) { alert(animal.name + ': ' + animal.talk()); }); // alerts the following: // // Missy: Meow! // Mr. Bojangles: Meow! // Lassie: Arf!	Wuff!'; } }); var tiere = { a: new Katze('Missy'), b: new Katze('Mr. Bojangles'), c: new Hund('Lassie') }; Object.each(tiere, function(tier) { alert(tier.name + ': ' + tier.reden()); }); // Ausgabe der Dialogfenster // // Missy: Miau! // Mr. Bojangles: Miau! // Lassie: Wuff!	lang_id
15448	In 1810 Aichelberg came to Oberamt Kirchheim unter Teck.	1810 kam Aichelberg zum Oberamt Kirchheim unter Teck.	lang_id
15450	5 Instrumental concertos; op.	5 Instrumentalkonzerte; op.	lang_id
15467	J Sci Res Chula Univ.	In: J Sci Res Chula Univ.	lang_id
15483	Monatsschrift für...	Jahrbuch für ...	lang_id
15495	"Grimm, Barbara: ""Lynchmorde an alliierten Fliegern im Zweiten Weltkrieg""."	Barbara Grimm: Lynchmorde an alliierten Fliegern im Zweiten Weltkrieg.	lang_id
15528	Casuistischer Beitrag zur Lehre von der Sogenannten Sympathischen Augenentzündung.	Casuistischer Beitrag zur Lehre von der sogenannten sympathischen Augenentzündung.	lang_id
15535	In the first episode of the 1st Season, he explains that he has sold a real estate business inherited from his father and is now, in his capacity as a notary, documenting any resulting sales contracts.	In der ersten Folge der ersten Staffel erklärt er, dass er ein von seinem Vater ererbtes Immobiliengeschäft verkauft hat und nun in seiner Eigenschaft als Notar alle daraus entstehenden Kaufverträge beurkundet.	number_mismatch
15550	EHC Black Wings Linz.	In: EHC Liwest Black Wings Linz.	lang_id
15552	"The mosque, first used in 972, may have initially been named Jāmi' al-Mansuriyya (جامع المنصورية, ""the mosque of Mansuriyya""), as was common practice at the time."	Die Moschee, erstmals genutzt im Jahr 971, könnte anfänglich Dschāmi' al-Mansuriyya (جامع المنصوريه, ‚Die Moschee von Mansuriyya‘) genannt worden sein, wie es gemeinhin zu der Zeit üblich war.	number_mismatch
15565	He remained in office for the rest of the decade, but began to focus increasingly on other projects, such as the establishment of the village of Waterloo in Seneca County near the Finger Lakes.	Er blieb bis Ende der 1820er Jahre im Amt, begann sich jedoch auf andere Projekte zu konzentrieren, etwa die Gründung des Ortes Waterloo im Seneca County in der Nähe der Finger Lakes.	number_mismatch
15579	Commentationes Mathematicae Universitatis Carolinae.	In: Commentationes Mathematicae Universitatis Carolinae.	lang_id
15588	Shoqata e Komunave te Shqiperise.	In: Shoqata e Komunave te Shqiperise.	lang_id
15598	List of churches on Rügen Ulrike Reinfeldt: Die Dorfkirche zu Landow.	Liste der Kirchen auf Rügen Ulrike Reinfeldt: Die Dorfkirche zu Landow.	lang_id
15599	With 1,200,000 visitors from all over the world, the exhibition was an out-and-out success.	Mit 1,2 Millionen Besuchern aus aller Welt war die Ausstellung ein voller Erfolg.	number_mismatch
15636	Although the Ukrainian forces managed to push the Poles back approximately 120–150 km. they failed to secure a route to Czechoslovakia.	Obwohl es den ukrainischen Kräften gelang, die Polen etwa 120 km zurückzudrängen, konnten sie den Weg in die Tschechoslowakei nicht sichern.	number_mismatch
15650	"""An Inspector Calls - BBC One""."	"(Gefährliche Kurve)"" An Inspector Calls - BBC One."	lang_id
15687	The economics of standards.	Ökonomie von Standards.	lang_id
15690	Merode is the author of fourteen scientific papers and co-editor of the book Virunga: The Survival of Africa's First National Park.	Er schrieb 14 wissenschaftliche Bücher und war einer der Autoren des Buches Virunga: The Survival of Africa's First National Park.	number_mismatch
15698	"Randell In addition, there are apparently at least 2 undescribed taxa: Senna artemisioides ""James Range (P.L.Latz 18528)"" Senna artemisioides ""Kuyunba (B.Pitts 113)"" Altogether, S. artemisioides might be best considered a form taxon whose phylogenetic diversity is still largely unresolved."	"Randell Darüber hinaus gibt es offensichtlich mindestens zwei unbeschriebene Taxa: Senna artemisioides ""James Range (P.L.Latz 18528)"" Senna artemisioides ""Kuyunba (B.Pitts 113)"" Insgesamt kann Senna artemisioides vielleicht am besten als Formtaxon angesehen werden, dessen phylogenetische Vielfalt noch weitgehend ungeklärt ist."	number_mismatch
15708	"""Knesset: Israel verabschiedet Gesetz zu ""jüdischem Nationalstaat""""."	"In: Die Zeit. (zeit.de ).  Knesset: Israel verabschiedet Gesetz zu ""jüdischem Nationalstaat""."	lang_id
15709	It states that in case of invasion or rebellion, when the public safety requires it, the President may suspend the privilege of the writ of habeas corpus for a period not exceeding sixty days, or place the Philippines or any part of the country under martial law.	Im Falle einer Invasion oder Rebellion ist er /sie ermächtigt, wenn die öffentliche Sicherheit es erfordert, für einen Zeitraum von nicht länger als 60 Tagen das Privileg des Habeas Corpus auszusetzen, sowie die Philippinen oder einen beliebigen Teil des Landes unter Kriegsrecht zu stellen.	number_mismatch
15720	Inside Vancouver.	In: Inside Vancouver.	lang_id
15728	Felicitas von Reznicek /Leopold Nowak: Gegen den Strom.	Felicitas von Reznicek/Leopold Nowak: Gegen den Strom.	lang_id
15742	Princess Zhang also committed suicide.	Seine Gemahlin Prinzessin Zhang beging ebenfalls Selbstmord.	lang_id
15752	Alpine Ascents Mount Everest 2015.	In: Alpine Ascents Mount Everest 2015.	lang_id
15761	Reprinted, Huntsville, TX: Recital Publications, 1995.	Neuauflage, Huntsville, TX: Recital Publications, 1995.	lang_id
15820	Damien Hoffman (October 11, 2010).	Damien Hoffman (11. Oktober 2010).	lang_id
15831	W. de Sitter, Ein astronomischer Beweis für die Konstanz der Lichgeshwindigkeit Physik.	De Sitter, W.: Ein astronomischer Beweis für die Konstanz der Lichtgeschwindigkeit.	lang_id
15836	In 2008 he owned one of the 30 models of the Bugatti Veyron 16.4 sports car (estimated at 1,100,000 €) and a Maserati MC 12 at 700,000 €.	Er besitzt seit 2008 auch eines der wenigen Exemplare des Bugatti Veyron 16.4 (der auf 1.100.000 Euro geschätzt wird) und einen Maserati MC 12 für 700.000 Euro.	number_mismatch
15873	Sun of a Beach – The Return of Alleinunterhalter vol.	4 (2002 bei Supermodern) Sun of a Beach - The Return of Alleinunterhalter vol.	lang_id;number_mismatch
15893	"London: UMP, 2005) Variations on ""Wie schön leuchtet der Morgenstern"" for oboe and organ (composed 2008."	London: UMP) Variationen über „Wie schön leuchtet der Morgenstern“ für Oboe und Orgel (komponiert 2008.	lang_id;number_mismatch
15894	In the quarrels between Theuderic II and Theudebert II in 611/612 he took part on the party of Theuderic.	Im Kampf zwischen Theuderich II. und Theudebert II. vom 611/12 war er auf die Seite Theuderichs übergegangen.	number_mismatch
15910	Tinkl, Lotte: Neuromantische Elemente bei Hugo Salus und Franz Herold, Diss.	Lotte Tinkl: Neuromantische Elemente bei Hugo Salus und Franz Herold.	lang_id
15933	Constructed over one hundred years ago, the clock on top of the main head house is the largest operating hand-wound clock mechanism in New England.	Die vor über 100 Jahren konstruierte Uhr auf der Spitze des Hauptgebäudes ist die größte noch funktionierende Uhr mit Handaufzug in Neuengland.	number_mismatch
15947	(There are three states for each cell and nine cells.)	(Es gibt 3 Zustände für jedes Kästchen und 9 Kästchen.)	number_mismatch
15950	In Danish it is ahoj and ohoj, also ohjø, aahøj oder ohej, in Norwegian ohoi, in Swedish ohoj and å-hoj.	Im Dänischen sind es ahoj und ohoj, auch ohjø, aahøj oder ohej, im Norwegischen ohoi, im Schwedischen ohoj und å-hoj.	lang_id
15957	"""Eagles of Death Metal Discuss Paris Terror Attacks""."	Die Eagles of Death Metal sprechen über die Terroranschläge von Paris.	lang_id
15966	"""Weltmeisterschaft – Halbfinale: Selby läuft hinterher"" (in German)."	Weltmeisterschaft – Halbfinale: Selby läuft hinterher (German) Eurosport DE.	lang_id
15988	Cogn Affect Behav Neurosci.	In: Cogn Affect Behav Neurosci.	lang_id
15998	Ein Beitrag zur Kenntniss des Kresols und einiger Derivate.	Ein Beitrag zur Kenntnis des Kresols und einiger Derivate.	lang_id
16006	Dier was born on February 14, 1990 in London, Ontario.	Dier wurde im Februar 1990 in London, Ontario, geboren.	number_mismatch
16008	"Kurier: Bilgeri-Tochter: ""Mama hat anfangs gelitten""."	"Laura Bilgeri auf YouTube Kurier: Bilgeri-Tochter: ""Mama hat anfangs gelitten""."	lang_id
16019	1959 – Galerie Neue Meister formed.	1959 erfolgte die Neugründung der Galerie Neue Meister.	lang_id
16088	III & IV - Earth & Air, was released on April 15, 2008.	III & IV - Earth & Air erschien am 18. April 2008.	number_mismatch
16101	The Lay of the Nibelungs.	In: The people of NIF.	lang_id
16111	"""Manowar - Hail to England""."	Hail to England“ („Wir sind Manowar.	lang_id
16120	Bildung, Politik und Gesellschaft: Studien zur Geschichte des europäischen Bildungswesens vom 16. bis zum 20.	In: Bildung, Politik und Gesellschaft : Studien zur Geschichte des europäischen Bildungswesens vom 16. bis zum 20. Jahrhundert.	lang_id
16125	Until 2002, Clemensstraße 33 housed the Staatliche Fachakademie für Fotodesign München, which was founded on 15 October 1900, as the Lehr- und Versuchsanstalt für Photographie (test institution for photograph).	Bis 2002 befand sich in der Clemensstraße 33 die Staatliche Fachakademie für Fotodesign München, die auf die am 15. Oktober 1900 gegründete „Lehr- und Versuchsanstalt für Photographie“ zurückging.	lang_id
16131	As of 2018, the embargo, which limits American businesses from conducting trade with Cuban interests, remains in effect and is the most enduring trade embargo in modern history.	Gegenwärtig (Dezember 2014) ist das Embargo, das für US-amerikanische Unternehmen die Geschäftstätigkeit zum Vorteil Kubas beschränkt, weiterhin in Kraft, und es ist das am längsten andauernde Handelsembargo in der modernen Geschichte.	number_mismatch
16139	SKOT-WPT (wóz pogotowia technicznego) - Technical support vehicle with a light crane.	SKOT-WPT („wóz pogotowia technicznego“) – Technisches Unterstützungsfahrzeug mit einem leichten Kran.	lang_id
16171	Awards: Aarne (1948): gold - Milan Triennale (1954).	Auszeichnungen: Aarne (1948): Gold – Mailänder Triennale (1954).	lang_id
16174	Graham developed the technique of jazz chanting during her 25 years of teaching ESL in the American Language Institute of New York University.	Graham entwickelte die Technik des Jazz Chants während ihrer fünfundzwanzig Jahre der Lehre ESL in der American Language Institute der New York University.	number_mismatch
16183	Initially a Tory, he served as Crown Prosecutor for 12 years and was elected to the provincial legislature in 1768.	Ursprünglich ein Tory diente er zwölf Jahre lang als Kronanwalt und wurde 1768 in die Legislative der Provinz gewählt.	number_mismatch
16193	To celebrate the party's centenary in 2004, seventy articles were selected from over ten thousand from its history were compiled and published in May in a book called Socialism or Your Money Back.	Um die Hundertjahrfeier der Partei im Jahr 2004 zu feiern, wurden 70 Artikel aus über zehntausend aus der Geschichte der Zeitschrift ausgewählt und in dem Buch Socialism Or Your Money Back publiziert.	number_mismatch
16199	France: Paris, Salon international de l'Art libre; Paris, Salon des Artistes français (invited).	Frankreich: Paris, Salon international de l’Art libre; Paris, Salon des artistes français (Eingeladen).	lang_id
16217	Common names include: hojarasco, magnolio de monte.	Trivialnamen sind hojarasco, magnolio de monte.	lang_id
16247	Dudková lives in Holice v Cechach and represents the club Nový věk Triatlonu Trusnov.	Dudková lebt in Holice v Čechách und gehört dem Verein Nový věk Triatlonu Trusnov an.	lang_id
16263	"Todestag von Max Reger / Eine Würdigung aus Sicht des Wiesbadener Organisten Gabriel Dessauer"" (in German)."	Todestag von Max Reger / Eine Würdigung aus Sicht des Wiesbadener Organisten Gabriel Dessauer (German) Wiesbadener Tagblatt.	lang_id
16272	Originally 12 episodes were planned, but, ultimately for cost reasons, only six were produced.	Ursprünglich waren wohl 12 Folgen geplant, letztlich sind aus Kostengründen doch nur 6 produziert worden.	number_mismatch
16278	Lépine then separated the nine women from the approximately fifty men and ordered the men to leave.	Lépine trennte dann die neun Frauen von den etwa 50 Männern und wies die Männer an, den Raum zu verlassen.	number_mismatch
16304	For her thirteenth birthday on 12 June 1942, Frank received a book she had shown her father in a shop window a few days earlier.	Zu ihrem 13. Geburtstag erhielt Anne Frank am 12. Juni 1942 ein kleines Notizbuch, das sie ihrem Vater einige Tage zuvor in einem Schaufenster gezeigt hatte.	number_mismatch
16314	There were also 8 checkpoints, among others, in Tanger, Messina and Castelfranco Veneto.	Insgesamt waren acht Kontrollpunkte aufgestellt, unter anderem in Tanger, Messina und Castelfranco Veneto.	number_mismatch
16321	"""Don't Kill the Magic - MAGIC! - Amazon US""."	"So helfe uns Zauberkunst (""luppe/lüppe"") ."	lang_id
16347	Starting from the mid-eighteenth century, Spain underwent a series of reforms, in particular a land reform and the reduction of the power of the Church (the expulsion of the Jesuits in 1767) that produced a slow economic recovery.	Ab der Mitte des 18. Jahrhunderts erlebte Spanien durch eine Reihe von Reformen – insbesondere eine Landreform und die Zurückdrängung der Macht der römisch-katholischen Kirche (Ausweisung der Jesuiten 1767) – einen langsamen wirtschaftlichen Aufschwung.	number_mismatch
16366	Electrophoresis 10, 366-376.	In: Electrophoresis 10, 366-376.	lang_id
16401	1989 Galery De Lelie, Antwerp, Belgium.	1989 Galerie De Lelie, Antwerpen, Belgien.	lang_id
16437	It was generally agreed in the party that Ward would succeed him, although the return journey would take two months – William Hall-Jones became Prime Minister until Ward arrived.	In der Partei bestand Konsens, dass Ward sein Amt übernehmen sollte, seine Rückkehr würde jedoch 2 Monate dauern, so dass William Hall-Jones bis zu seiner Rückkehr als Premier amtierte.	number_mismatch
16450	Leyendo a Derrida.	In den Rücken schreiben.	lang_id
16452	On 26 July 2018, King was elected to be the seventy-fourth President of the UN Economic and Social Council.	Am 26. Juli 2018 wurde King zur 47. Präsidentin des Wirtschafts- und Sozialrats der Vereinten Nationen gewählt.	number_mismatch
16461	US Secretary of State Kerry reported in Munich that the international coalition against IS had already flown 2,000 air strikes against the terrorists since August 2012.	US-Außenminister Kerry berichtete in München, dass die internationale Koalition gegen den IS seit August 2014 schon 2.000 Angriffe gegen die Terroristen geflogen habe.	number_mismatch
16490	Sacrorum Conciliorum nova et amplissima collectio.	Sacrorum conciliorum nova et amplissima collectio Bd.	lang_id
16495	2005 Exhibition „Köln und Mailand“, ArcLinea Cologne, Passagen 2005, 3 photographs.	2005 Ausstellung „Köln und Mailand“, ArcLinea Köln, Passagen 2005, 3 Fotografien.	lang_id
16502	Digital Chick TV.	In: Digital Chick TV.	lang_id
16511	Larger numbers of Qassam rockets began landing in the Western Negev in March 2006: 49 in March, 64 in April, 46 in May, and over 83 by the end of June.	Eine größere Zahl von Kassam-Raketen schlugen in dem westlichen Negev ein; 49 im März, 64 im April, 46 im Mai und über 83 im Juni.	number_mismatch
16541	"Over the next hundred years, the new name slowly took hold, and on November 2, 1965, the residents voted to change the official name of the town to ""Pillow""."	Während der folgenden 100 Jahre setzte sich der neue Name langsam durch, und am 2. November 1965 stimmten die Bewohner des Ortes dafür, den Namen ihrer Stadt offiziell in „Pillow“.	number_mismatch
16542	In those years, there were five chapels in Ħal Safi.	In diesen Jahren gab es 5 Kapellen in Safi.	number_mismatch
16550	He also became a vegetarian at age 11 after watching the animals he raised on the farm slaughtered.	Mit elf Jahren wurde er außerdem Vegetarier, nachdem er mitansehen musste, wie Tiere auf der Farm geschlachtet wurden.	number_mismatch
16551	22 Headquarters of BayBG Bayerische Beteiligungsgesellschaft in Königinstr.	22 Hauptsitz der BayBG Bayerische Beteiligungsgesellschaft in der Königinstr.	lang_id
16564	Canz, Eberhard Christoph and Schott, August Ludwig: De furto ex necessitate commisso ad art.	Canz, Eberhard Christoph und Schott, August Ludwig: De furto ex necessitate commisso ad art.	lang_id
16609	In: Schlangenbrut 24 (2006), Nr. 93, pp. 34–39 (schlangenbrut.de).	In: Schlangenbrut 24 (2006), Nr. 93, S. 34–39 (schlangenbrut.de).	lang_id
16621	Around 2000 he began using several different guitars, not only steel-string acoustic, but also solid body electric guitars, semi-acoustic guitars, electrical baritone guitars, 12-string and classical guitars.	Seit Ende der 1990er begann er verschiedene Gitarren zu benutzen, nicht nur Stahlsaiten-Akustikgitarren, sondern auch solid body elektrische Gitarren, halbakustische Gitarren, elektrische Baritongitarren, 12-saitige Stahlsaitengitarren und klassische Gitarren.	number_mismatch
16661	He arrived in Hong Kong in March and immediately began photographing the city and its surroundings as far as Canton.	Er erreichte Hongkong im März 1860 und begann sofort, die Stadt und deren Umgebung bis Kanton zu fotografieren.	number_mismatch
16664	Israeli champion (4): 2000, 2002, 2003, 2010 HC Ma’alot on hockeyarenas.net	Israelischer Meister (4): 2000, 2002, 2003, 2010 HC Ma’alot bei hockeyarenas.net	lang_id
16677	Depending on the type of product, the value may not exceed two percent for boards and shaped products and four percent for mats and papers.	In Abhängigkeit von der Art des Produkts darf der Wert folgende Grenzen nicht überschreiten: 2 % bei Platten und Formteilen, 4 % bei Matten und Papieren.	number_mismatch
16679	Telescopic Camera for Phaethon (TCAP) — The telescopic camera has a mass of 15.8 kg.	Telescopic Camera for Phaethon (TCAP) — die Kamera hat eine Masse von 15,8 kg.	lang_id
16686	R. Society London B 355: 1843–1849 Oeggl K. & Unterfrauner S. 2000: Die Pflanzengroßreste des Riss/Würm-Interglazials und des Würmglazials von Mondsee.	R. Society London B 355: 1843 – 1849 Oeggl K. & Unterfrauner S. 2000: Die Pflanzengroßreste des Riss/Würm-Interglazials und des Würmglazials von Mondsee.	lang_id
16698	HBO budgeted approximately US$4 million for each episode, considerably more than most television series receive.	HBO plante pro Episode ein Budget von zirka vier Millionen US-Dollar ein, erheblich mehr als die meisten Fernsehserien erhalten.	number_mismatch
16701	The castle then passed to Aymer's niece, Elizabeth de Comyn, a well-connected young noblewoman.	Die Burg wurde dann an Aymers Nichte, Elisabeth de Comyn, eine junge Adlige mit guten Verbindungen, weitervererbt.	lang_id
16708	Sterling Holidays Blog.	In: Sterling Holidays Blog.	lang_id
16716	"Vinzenz Brinkmann: ""Zurück zur Klassik."""	Vinzenz Brinkmann: Zurück zur Klassik.	lang_id
16732	So the month was named Nivose instead of Nivôse.	Ein eingeschalteter Monat wird als adhika bezeichnet und geht dem eigentlichen (nija) Monat voran.	length
16741	The variations appear to be periodic, resembling a standing wave.	Diese Variationen scheinen periodisch zu sein, ähnlich einer Stehenden Welle.	lang_id
16751	From the end of the 1990s to 2003 Tomcraft was resident DJ in Munich's techno club KW – Das Heizkraftwerk.	Ab Ende der 1990er Jahre bis 2003 war Tomcraft Resident im Münchner Techno-Club KW – Das Heizkraftwerk.	lang_id
16792	Three years later, the Vorschussverein Neckargemünd was founded.	3 Jahre später wurde der Vorschussverein Neckargemünd gegründet.	number_mismatch
16800	Inside Vida amunt i nacions amunt (Life upwards and nations upwards).	In Vida amunt i nacions amunt (Leben aufwärts und Nationen aufwärts).	lang_id
16803	The Order was instituted in 1975 at the independence of Suriname and replaced the Dutch Order of Orange-Nassau.	Der Ehrenorden wurde zur Unabhängigkeit von Suriname am 25. November 1975 eingeführt und ersetzte den niederländischen Orden von Oranien-Nassau.	number_mismatch
16815	15,000 hunters are registered in the departments, 3,000 to 4,000 of whom hunt in the Dombes, one of the best hunting regions for water birds in France.	Das Département zählt 15.000 registrierte Jäger, von denen etwa 3.500 bis 4.000 in den Dombes jagen, eine der besten Regionen Frankreichs für die Jagd auf Wasservögel.	number_mismatch
16824	The auditorium extension was drafted by Arkinova Architects and was constructed in 1996-97.	Die Erweiterung der Aula wurde vom Architekturbüro Arkinova Arkitekter entworfen und in den Jahren 1996–1997 erbaut.	number_mismatch
16854	The 1998 Agreement currently has 33 Contracting Parties and 14 UN GTRs that have been established into the UN Global Registry.	Das Abkommen von 1998 umfasst derzeit 33 Vertragsparteien und 20 UN-GTR, die in das Globalregister der Vereinten Nationen aufgenommen wurden.	number_mismatch
16870	EUH203: Contains chromium(VI).	EUH203 Enthält Chrom(VI).	lang_id
16877	In 2005, with Bob Bahra, she founded the Forum zur kritischen Auseinandersetzung mit der DDR-Geschichte (Forum for the Critical Exploration of GDR History).	2005 gründete sie mit Bob Bahra das „Forum zur kritischen Auseinandersetzung mit der DDR-Geschichte“.	lang_id
16892	In the 19th century, Solva had around 30 registered trading ships.	Im neunzehnten Jahrhundert gab es in Solva ungefähr 30 eingetragene Handelsschiffe.	number_mismatch
16896	Rejection of violence (both physical and verbal).	Ablehnung von Gewalt (sowohl verbaler und psychischer).	lang_id
16938	The dark matter halo is estimated to have 10 times the mass of the stars in the galaxy.	Schätzungen zufolge hat der Halo aus dunkler Materie die zehnfache Masse aller Sterne der Galaxie.	number_mismatch
16948	Tausch in the Dictionary of the Brothers Grimm Heinz Küpper: Wörterbuch der deutschen Umgangssprache.	Tausch im Wörterbuch der Brüder Grimm Heinz Küpper: Wörterbuch der deutschen Umgangssprache.	lang_id
16963	The harbour lies at the mouth of Wadi Gawasis, 2 km south of the mouth of Wadi Gasus.	Der Hafen liegt an der Mündung des Wadi Gawasis, zwei Kilometer südlich der Mündung vom Wadi Gasus.	number_mismatch
16972	2nd Ed Hanover: Schlueter 1991, pp.  102-105 (with excerpts from Isidore Kaulbachs memories).	Hannover 1991, S. 102–105 (mit Auszügen aus Isidore Kaulbachs Erinnerungen).	number_mismatch
16995	More than a decade later, his son Sam Nicola Jr. took over the Touchdown Club.	10 Jahre später übernahm sein Sohn Sam Nicola, Jr. die Führung des Touchdown Clubs.	number_mismatch
16998	Monographs Die Goldgräber Kaliforniens.	Monografien Die Goldgräber Kaliforniens.	lang_id
17002	"""Is it far?"""	Ist es noch weit?	lang_id
17036	Altorientalistische Studien für Volkert Haas zum 65.	Altorientalistische Studien für Volkert Haas zum 65. Geburtstag.	lang_id
17044	Skeletal remains found in the caverns indicate that they were inhabited from about 25,000 BC up until the Bronze Age.	Skelette, die in den Höhlen gefunden wurden, weisen darauf hin, dass sie von etwa 25.100 BP bis zur Bronzezeit bewohnt waren.	number_mismatch
17061	Berlin: Frank und Timme.	Berlin: Frank & Timme.	lang_id
17065	In 1640 he founded the Académie Bourdelot, a circle for scientists, philosophers and authors, that came together twice a month.	1641 gründete er die Académie Bourdelot, einen Kreis für Wissenschaftler, Philosophen und Schriftsteller, der sich zweimal im Monat traf.	number_mismatch
17076	After one year of construction the stadium was opened on 17 September 1922, with the match Újpest v Ferencváros 2-1.	Nach nur einem Jahr Bauzeit wurde das Stadion am 17. September 1922 mit dem Spiel Újpest gegen Ferencváros eröffnet.	number_mismatch
17088	Ritter made guest appearances in North America with the German Opera Company from 1929 to 1931; further tours took him to South Africa, London and Paris.	Rudolf Ritter gastierte zwischen 1923 und 1924 sowie von 1929 bis 1931 mit der German Opera Company in Nordamerika; weitere Tourneeauftritte führten ihn nach Südafrika, London sowie Paris.	number_mismatch
17098	"""Trailer Park Sex - Now Or Fucking Never EP""."	Captain Chaos: Trailer Park Sex: Now Or Fucking Never (EP – Eigenproduktion).	lang_id
17099	Usually the blue side points to Rottweil and the red side to Lahr.	In der Regel weist die blaue Seite der Raute nach Rottweil und die rote Seite nach Lahr.	lang_id
17112	Hochschule für die Angewandte Kunst Wien, Vienna 1985.	Hochschule für Angewandte Kunst Wien, Wien 1985.	lang_id
17132	The First Panzer Army contributed to the success of the Third Battle of Kharkov in March 1943.	Die 1. Panzerarmee trug zum Erfolg der Dritten Schlacht von Charkow im März 1943 bei.	number_mismatch
17148	In an episode of That '70s Show, Eric's sister accuses him of being weak by saying he ordered a Charles Atlas video to buff up.	In einer Episode der Serie „Die wilden Siebziger“ bezichtigt Erics Schwester ihn, schwach zu sein, indem sie sagt, er habe ein Charles-Atlas-Video bestellt, um sich aufzumotzen.	number_mismatch
17160	The market itself consisted of a few permanent market stalls as well as daily stands, which the municipal authorities auctioned every five years or which were raffled by the market inspector.	Der Markt selbst bestand aus ein paar ständigen Plätzen sowie aus Tagesverkaufsplätzen, die der Magistrat alle 5 Jahre versteigerte oder vom Marktinspektor verlosen ließ.	number_mismatch
17174	Two-dimensional gel electrophoresis sequentially combines isoelectric focusing or BAC-PAGE with a SDS-PAGE.	Die 2D-Gelelektrophorese kombiniert nacheinander eine isoelektrische Fokussierung oder eine BAC-PAGE mit einer SDS-PAGE.	number_mismatch
17195	"""Sirkusprinsessen"" ."	Die Zirkusprinzessin.	lang_id
17216	"The Shakespeareclub was renamed in 1949 to ""Cultuur- en Ontspanningscentrum"" (C.O.C.)."	Der Shakespeareclub wurde 1949 in Cultuur- en Ontspanningscentrum (C.O.C.) umbenannt.	lang_id
17218	On July 31, 2010, Pierre-Paul and the Giants agreed to a five-year, $20.05 million deal with $11.629 million guaranteed.	Am 31. Juli 2010 einigten sich Pierre-Paul und die Giants auf einen 5-Jahres-Vertrag für 20,05 Millionen US-Dollar mit garantierten 11,629 Millionen Dollar.	number_mismatch
17252	"""Özgecan'ın ölümü kadına yönelik şiddette milat olur mu?"" (in Turkish)."	(Ist dies, wie Frauen sterben?).	length;lang_id
17268	Sometimes she was forced to greet guests of the royal family at the station at 7:00 in the morning and be present at receptions past midnight.	Mitunter hatte sie bereits morgens um 7 Uhr Gäste des Königshauses am Bahnhof zu begrüßen und noch um Mitternacht bei Empfängen anwesend zu sein.	number_mismatch
17285	November 2017) Hantikainen, V.: Beeinflusst die Kinaesthetics Schulung die körperliche Belastung von Pflegekräften?	(Zugriff: 15. Oktober 2018) V. Hantikainen: Beeinflusst die Kinaesthetics Schulung die körperliche Belastung von Pflegekräften?	lang_id;number_mismatch
17286	"""Alex Mack""."	Was ist los mit Alex Mack?	length;lang_id
17296	In 1949 he wrote a dissertation that was titled Die frühen europäischen Einflüsse auf die Kultur der Bewohner der Tonga-Inseln 1616-1852 (The early European influences on the culture of the inhabitants of the Tonga Islands 1616-1852).	1949 schrieb er seine Dissertation mit dem Titel Die frühen europäischen Einflüsse auf die Kultur der Bewohner der Tonga-Inseln 1616–1852.	lang_id
17301	Moli was the fourth person to serve as President of Vanuatu in four months.?	Moli war damit der vierte Präsident von Vanuatu innerhalb von 4 Monaten.	number_mismatch
17304	Nines russes (TV movie) (2003).	Nines russes (Fernsehfilm) (2003).	lang_id
17315	Handbuch der systematischen Weichtierkunde 1(1): 207.	Handbuch der systematischen Weichtierkunde 1 (1): 207.	lang_id
17320	Special issue on Polyamory.	Sonderausgabe: Special Issue on Polyamory.	lang_id
17329	"Forever.""""."	Und ewig“).	lang_id
17351	Bannwald Richard B. Hilf: Der Wald.	Richard B. Hilf: Der Wald.	lang_id
17364	Via Ellrich, the Kammerforst and Woffleben it then continues east to Nordhausen.	Über Ellrich, den Kammerforst und Woffleben geht es dann ostwärts weiter bis nach Nordhausen.	lang_id
17383	In: Metro Silicon Valley, January 7, 1999.	In: Metro Silicon Valley, 7. Januar 1999.	lang_id
17386	In December Heyse began a long correspondence with Eduard Mörike.	Seit Dezember 1854 pflegte Heyse auch eine langjährige Korrespondenz mit Eduard Mörike.	number_mismatch
17394	The Fortunes of Perkin Warbeck: A Romance is an 1830 historical novel by Mary Shelley about the life of Perkin Warbeck.	The Fortunes of Perkin Warbeck: A Romance ist ein von Mary Shelley geschriebener historischer Roman über das Leben von Perkin Warbeck.	number_mismatch
17408	2004 Jacob Maris, 1837-1899, Museum Jan Cunen, Oss, The Netherlands.	2004 Jacob Maris, 1837–1899, Museum Jan Cunen, Oss, Niederlande.	lang_id
17411	Their names are Meehni (922 m), Wimlah (918 m), and Gunnedoo (906 m).	Ihre Namen sind Meehni (922 m), Wimlah (918 m, in zahlreichen Quellen auch Weemala genannt) und Gunnedoo (906 m).	lang_id
17435	"""Division III Commission 15 Physical Study of Comets & Minor Planets""."	Abgerufen am 15. April 2008.  Division III Commission 15 Physical Study of Comets & Minor Planets.	lang_id;number_mismatch
17444	At the latter University he mainly dealt with physical chemistry and submitted his PhD thesis “Ueber elektrolytische Erscheinungen und elektromotorische Kräfte an der Grenzfläche zweier Lösungsmittel”.	In Göttingen beschäftigte er sich hauptsächlich mit Physikalischer Chemie und wurde mit seiner Arbeit „Ueber elektrolytische Erscheinungen und elektromotorische Kräfte an der Grenzfläche zweier Lösungsmittel“ promoviert.	lang_id
17445	The 29 shows in North America had grossed around US $26 million, with an average of almost $900,000 per show.	Die 29 Shows in Nordamerika hatten rund 26.000.000 US-Dollar eingebracht, durchschnittlich also fast 900.000 US-Dollar pro Show.	number_mismatch
17448	He became widely known for his first book, We Wish To Inform You That Tomorrow We Will Be Killed With Our Families (1998), which tells the story of the 1994 Rwandan Genocide.	Bekannt wurde er mit seinem ersten Buch Wir möchten Ihnen mitteilen, daß wir morgen mit unseren Familien umgebracht werden, welches den Völkermord in Ruanda von 1994 behandelt.	number_mismatch
17451	For instance, the sentence 'This is my brother' is Este es mi hermano in Spanish, but may be Este é o meu irmão in Portuguese.	So lautet etwa der Satz „Dies ist mein Bruder“ Este es mi hermano auf Spanisch, kann jedoch Este é o meu irmão auf Portugiesisch heißen.	lang_id
17462	In 200, analysis had shown the 200 largest customers ship up to 60% of their freight abroad.	Eine Analyse habe im Jahr 2000 ergeben, dass die 200 umsatzstärksten Kunden des Unternehmens bis zu 60 Prozent ihrer Fracht ins Ausland lieferten.	number_mismatch
17508	Torino, Aragno 2004, Spir: pp.  248–254).	Torino, Aragno 2004, über Spir: S. 248–254).	lang_id
17511	"Peter Brock: ""The last process"" in www.berliner-zeitung.de (Berliner Zeitung)."	Peter Brock: „Der letzte Prozess“ in www.berliner-zeitung.de (Berliner Zeitung).	lang_id
17529	Johann Buessow is section editor for the history of the Arab world from 1500 to the present of the Encyclopaedia of Islam Three (Brill, Leiden) and co-editor of the book series 'Studien zur Geschichte und Zeitgeschichte Westasiens und Nordafrikas' (LIT Verlag, Berlin u.a.).	Johann Büssow ist ''section editor for the history of the Arab world from 1500 to the present'' für die Encyclopaedia of Islam Three (Brill, Leiden u. a.) und Mitherausgeber der Schriftenreihe 'Studien zur Geschichte und Zeitgeschichte Westasiens und Nordafrikas' (LIT Verlag, Berlin u. a.).	lang_id
17538	Aufbruch - Dokumentation einer Zeitschrift zwischen den Fronten.	Dokumentation einer Zeitschrift zwischen den Fronten.	lang_id
17545	Von den schönsten und besten Liedern verfasset, In welchem Nicht allein des sel.	Neu Leipziger Gesangbuch : Von den schönsten und besten Liedern verfasset/ In welchem Nicht allein des sel.	lang_id
17557	Great British Menu: Scotland Main, BBC Website, 2009.	Abgerufen am 5. Juli 2009.  Great British Menu: Scotland Main, BBC Website, 2009.	lang_id;number_mismatch
17558	December 2013: ECC and the Norwegian NOREXECO AS have agreed to cooperate in commodity trading, clearing and settlement and have concluded a cooperation agreement for that purpose.	Am 11. Dezember 2013 haben die ECC und die norwegische NOREXECO AS einer Kooperation im Bereich Rohstoffhandel und -abwicklung zugestimmt und haben zu diesem Zweck eine Kooperationsvereinbarung abgeschlossen.	number_mismatch
17559	142)	S. 142	length;lang_id
17561	159 – Ich lasse dich nicht (motet) BWV Anh.	159: Motette Ich lasse dich nicht, du segnest mich denn möglicherweise doch echt) BWV Anh.	length;lang_id
17570	She was transporting tanks and supplies to the Eighth Army under General Montgomery in Egypt.	Sie transportierte Panzer und Zubehör für die 8. Armee unter General Montgomery in Ägypten.	number_mismatch
17577	"Public World Premiere of electronic television - without electro-mechanical components such as the Nipkow disk - on the ""eighth Great German Radio Exhibition Berlin 1931 ""."	Die öffentliche Weltpremiere des elektronischen Fernsehens – also ohne elektromechanische Komponenten wie der Nipkow-Scheibe – erfolgt auf der „8. Großen Deutschen Funkausstellung Berlin 1931“.	number_mismatch
17590	Strube, 1997 From sky high.	Strube, 1997 Vom Himmel hoch.	lang_id
17594	Recitative (soprano): Mein Gott, wie lang, ach lange?	Recitativo (Sopran, Streicher): Mein Gott, wie lang, ach lange?	lang_id
17603	Postepy Hig Med Dosw.	In: Postepy Hig Med Dosw.	lang_id
17605	Maloyan would eventually be known to modernize the Syrian police ranks and improve discipline; members of the Gendarmerie doubled to 9,751 members by the time his post finished in 1949.	Maloyan wurde dafür geehrt, dass er die syrische Polizei modernisierte und die Disziplin der Einsatzgruppen im Land verbesserte: Die Zahl der Polizisten verdoppelte sich bis zum Ende seiner Amtszeit auf 9.751 Personen.	number_mismatch
17611	From the mid-1800s until the Second World War, the pattern of mission work remained similar: pastoral, evangelistic, educational and medical work contributing to the growth of the Anglican Church and aiming to improve the lives of local people.	Von der Mitte des 18. Jahrhunderts bis zum Zweiten Weltkrieg blieb die Methode der Missionsarbeit ähnlich: pastorale, evangelistische, pädagogische und medizinische Arbeit, die zum Wachstum der Anglikanischen Kirche beitrug und Bestrebungen, das Leben der Menschen vor Ort zu verbessern.	number_mismatch
17615	1948 The American physicist and industrialist Edwin Herbert Land (1909-1991) launches the first instant camera, Polaroid camera Model 95 on the market.	Der amerikanische Physiker und Industrielle Edwin Herbert Land (1909–1991) bringt die erste Sofortbildkamera „Polaroid-Land-Kamera, Model 95“ auf den Markt.	number_mismatch
17621	On the march to the Rio Grande, 140 men of Company E, 1st California Infantry, and Company B, 2nd California Infantry, fought the famous Apache leader Cochise at Apache Pass in July.	Auf dem Marsch zum Rio Grande bekämpften 140 Mann der Kompanie E der Ersten Kalifornischen Infanterie und Kompanie B der Zweiten Kalifornischen Infanterie den berühmten Anführer der Apachen, Cochise am Apache Pass.	number_mismatch
17667	Back, Johnny.	Kehrwieder Johnny.	lang_id
17679	Hollingsworth and Coughlin took the contract and in November 1865 lifted not only the building but also the 230 feet (70 m) of stone sidewalk outside it.	Hollingsworth und Coughlin nahmen den Vertrag an und im November 1865 wurde nicht nur das Gebäude um 0,70 Meter (27,5 Zoll) höher gelegt, sondern auch 70 Meter (230 Fuß) des steinernen Gehwegs außerhalb des Gebäudes.	number_mismatch
17683	(Retrospective Studies).	(Retrograde Ermittlung).	lang_id
17724	October 792: The first time under the name Botmarsheim mentioned.	28. Oktober 792: Erstmals unter dem Namen Botmarsheim erwähnt.	number_mismatch
17776	Bauhaus Museum Weimar - official site Radio Lotte News: Künstlerheim-Ruine soll wieder Künstlerhaus werden 21 May 2010.	Radio Lotte News: Künstlerheim-Ruine soll wieder Künstlerhaus werden 21. Mai 2010.	lang_id
17777	Johan Liljemark – didgeridoo on Hippjokk and Karelia Visa.	Johan Liljemark – Didgeridoo auf Hippjokk und Karelia Visa.	lang_id
17798	The heaven of heavens is love.	Somit obliegt es zwangsläufig dem Himmel, den Herrscher zu bestimmen.	length
17800	Den Store Danske Encyklopædi (The Great Danish Encyclopedia) is the most comprehensive contemporary Danish language encyclopedia.	Den Store Danske Encyklopædi (Die große Dänische Enzyklopädie) ist die mit insgesamt 23 Bänden umfassendste gedruckte zeitgenössische Enzyklopädie in dänischer Sprache.	lang_id;number_mismatch
17821	Since the middle of the 1990s, Polsat has remained one of Poland's biggest television stations.	Seit Mitte der 90er Jahre gehört TV Polsat zu den größten polnischen Fernsehstationen.	number_mismatch
17829	Earlier that year he had a role as Bobby in the David Mamet play American Buffalo, also at the Gate Theatre.	Anfang des Jahres 2007 hatte er außerdem eine Rolle als Bobby in David Mamets Stück American Buffalo, ebenfalls am Gate Theatre.	number_mismatch
17846	Acta Crystallogr Sect F Struct Biol Cryst Commun.	In: Acta Crystallogr Sect F Struct Biol Cryst Commun..	lang_id
17880	The ensuing elections saw a turnout of less than 50% and unexpectedly resulted in the re-election of Didier Ratsiraka.	Die 1997 folgenden Wahlen mit einer Beteiligung von unter 50 % endeten überraschend mit der Wiederwahl von Didier Ratsiraka.	number_mismatch
17891	The mayor is Hans-Leo Schäfer, who in 1996 succeeded Alfred Oster.	Ortsbürgermeister ist Hans-Leo Schäfer, der 1991 Alfred Oster ablöste.	number_mismatch
17893	Nowadays he appears in several books by Polish writer Andrzej Pilipiuk (Kuzynki, Księżniczka, Dziedziczki).	Heutzutage erscheint Sędziwój in mehreren Büchern des polnischen Schriftstellers Andrzej Pilipiuk (Kuzynki, Księżniczka, Dziedziczki).	lang_id
17896	"She played in the course of her 70-year-long career in traditional jazz bands, first in 1926 in a ""Society"" dance band, Papa Celestin's Original Tuxedo Orchestra, with whom she went on tour in the southern United States."	Sie spielte im Laufe ihrer siebzig Jahre währenden Karriere in Traditional Jazzbands, zunächst 1926 in einer “Society” Tanzband, dem Papa Celestin’s Original Tuxedo Orchestra, mit dem sie auf Tourneen in den Südstaaten der USA ging.	number_mismatch
17898	Yes, Hauser!	Ja, Hauser!	lang_id
17912	According to research by the historian Adolf Welter, at least 420 people were killed in the December 1944 attacks on Trier.	Nach Recherchen des Heimatforschers Adolf Welter sind mindestens 420 Menschen bei diesen Dezember-Angriffen in Trier ums Leben gekommen.	number_mismatch
17921	Le Lait.	Die Milch.	lang_id
17925	The chairman of the Strike Committee, Valery Levonevsky was arrested for 15 days on that day, and then sentenced to two years of prison.	An diesem Tag wurde der Vorsitzende des Streikkomitees Walerij Lewonewskij für 15 Tage verhaftet und später zu 2 Jahren Haft verurteilt.	number_mismatch
17927	Cardiovasc Intervent Radiol.	In: Cardiovasc Intervent Radiol.	lang_id
17929	LaserFocusWorld.	In: LaserFocusWorld.	lang_id
17933	Not long before, on August 19, Guns N' Roses had performed in the city.	Am 19. August 1991 sollten Guns N’ Roses einen Auftritt in der Stadt haben.	number_mismatch
17991	"""Euro 2016: Russia summons French ambassador after fan violence""."	Abgerufen am 15. Juni 2016.  Euro 2016: Russia summons French ambassador after fan violence.	lang_id;number_mismatch
17994	The arena is also the 3rd largest venue ever used in the NBL behind Sydney and the Rod Laver Arena in Melbourne (15,400).	Die Arena ist auch der drittgrößte Veranstaltungsort, der je im NBL genutzt wurde, hinter Sydney und der Rod Laver Arena in Melbourne (15.400).	number_mismatch
17997	(Reprint of the edition) Jena 1914.	(Nachdruck der Ausgabe) Jena 1914.	lang_id
18008	Share information DKSH Holding AG.	Aktieninformation DKSH Holding AG.	lang_id
18058	Bischof Bells Nachlass zum Problem nichtarischer Flüchtlinge, 1933-1939.	Bischof Bells Nachlass zum Problem nichtarischer Flüchtlinge 1933-1939.	lang_id
18083	"In 1899 he attained the habilitation in history of Christianity with ""Plotins Stellung zum Gnostizismus und kirchlichen Christentum""."	1899 habilitierte er im Fach Kirchengeschichte mit „Plotins Stellung zum Gnostizismus und kirchlichen Christentum“.	lang_id
18089	In the fifties, students from different parts of the GDR came to Schleusingen.	In den 50er Jahren kamen Schülerinnen und Schüler aus den unterschiedlichsten Gegenden der DDR nach Schleusingen.	number_mismatch
18103	Paris, Leduc, 2004) Gregoriana (composed 2003.	Paris, Leduc, 2004) Gregoriana (komponiert 2003.	lang_id
18109	Der Jargon der Eigentlichkeit.	Jargon der Eigentlichkeit.	lang_id
18124	"""Neue Online- und Wochenzeitung in Basel"" ."	Neue Online- und Wochenzeitung in Basel.	lang_id
18125	In 1996, Becker lost the ability to speak, and he now communicates with his eyes via a system developed by his father.	Becker kann mittlerweile nicht mehr sprechen, kommuniziert aber mit den Augen durch ein von seinem Vater entwickeltes System.	number_mismatch
18138	"""ScienceStage.com – Ein Stück Berlin in Harvard""."	ScienceStage.com – Ein Stück Berlin in Harvard.	lang_id
18143	Sea Classics.	In: Sea Classics.	lang_id
18149	Forty-one years ago, the Saiyan homeworld Planet Vegeta is ruled by King Cold's forces, who delegates command of the forces to his son Frieza.	Vor 41 Jahren wird die Heimatwelt der Saiyajins, Planet Vegeta, von King Cold regiert, der dann das Kommando an seinen Sohn Freezer abgab.	number_mismatch
18173	Today, these are the Döblinger Hauptstraße, the Heiligenstädter Straße, the Pyrkergasse, the Pokornygasse and the Billrothstraße.	Heute sind dies die Döblinger Hauptstraße, Heiligenstädter Straße, Pyrkergasse, Pokornygasse und die Billrothstraße.	lang_id
18175	"2005 ""Sol del Macla Award"", MACLA."	2005 Sol del Macla-Preis, MACLA.	lang_id
18180	Rehkop, Friedel: Stadt Dransfeld.	Fridel Rehkop: Stadt Dransfeld.	lang_id
18184	"""Ein neues Leben – mit Inhalt"" ."	Ein neues Leben – mit Inhalt.	lang_id
18203	"Ośrodek ""Brama Grodzka - Teatr NN""."	In: Brama Grodzka – Teatr NN.	lang_id
18204	And Tolya Solonitsyn too.	Und Tolja Solonizyn ebenfalls.	lang_id
18205	Ke$ha – Timber (Official Beef Seeds Cover) Pharrell Williams – Happy (Official Beef Seeds Cover) Avicii – Hey Brother (Official Beef Seeds Cover) Eminem ft.	Ke$ha - Timber (Offizielle Beef Seeds Cover-Version) Pharrell Williams - Happy (Offizielle Beef Seeds Cover-Version) Avicii - Hey Brother (Offizielle Beef Seeds Cover-Version) Eminem ft.	lang_id
18207	Die Stadt der vergessenen Träume .	Die Stadt der vergessenen Träume.	lang_id
18217	The Agreement of Concessions, prepared by Stalin and seventeen articles long, would have resulted in Xinjiang sharing the same fate as Poland.	"Die ""Vereinbarung"" war von Stalin verfasst worden und enthielt 17 Artikel, die letztendlich dazu führen sollten, dass Xinjiang dasselbe Schicksal wie Polen erleiden sollte."	number_mismatch
18228	Digitalarkivet - Arkivverket.	In: Digitalarkivet - Arkivverket.	lang_id
18247	Federazione Italiana Scherma.	In: Federazione Italiana Scherma.	lang_id
18250	After a 7-year hiatus, Kubonouchi began Chocolat, a story about a former mob boss, just having been released from the prison, who befriends a 16-year-old girl.	Nach einer Schaffenspause von sieben Jahren begann Kubonouchi Chocolat, eine Geschichte über einen ehemaligen Mafia-Boss und einen gerade entlassenen Häftling, die sich mit einem 16-jährigen Mädchen anfreunden.	number_mismatch
18264	In 1860 she published another cookbook 365 obiadów za pięć złotych (365 dinners for 5 zlotys).	1860 gab sie ihr zweites Kochbuch heraus: 365 obiadów za pięć złotych („365 Mahlzeiten für 5 Zloty“).	lang_id
18265	BMC Ear Nose Throat Disord.	In: BMC Ear Nose Throat Disord.	lang_id
18267	"His work is representative of the prevailing aesthetic of Korean fiction in the mid-1990s—""bizarre fiction""."	Seine Werke sind repräsentativ für die vorherrschende Ästhetik der koreanischen Literatur in der Mitte der 90er Jahre – die sogenannte Bizarre Literatur.	number_mismatch
18269	The Return of Philip Latinowicz.	Die Rückkehr des Filip Latinovicz.	lang_id
18272	The Tombs of Paestum (2008): Martin-Gropius-Bau, Berlin Modern Life.	Die Gräber von Paestum (2008): Martin-Gropius-Bau, Berlin Modern Life.	lang_id
18288	Approximately 194 miles of trails traverse the Lake Chelan-Sawtooth Wilderness.	Schätzungsweise 312 Kilometer Wanderwege durchziehen die Lake Chelan-Sawtooth Wilderness.	number_mismatch
18300	Jan Waszink and others (van Gorcum, 2000).	Jan Waszink und andere (van Gorcum, 2000).	lang_id
18306	In 2006 he founded Das Institut für Farbpsychologie, (Institute for Color Psychology) in Bettendorf.	2006 gründete er das Institut für Farbpsychologie in Bettendorf.	lang_id
18308	"Eine seltene Trophoneurose (""Lipodystrophia progressiva"")."	Eine seltene Trophoneurose („Lipodystrophia progressiva“).	lang_id
18318	The ADHGB was introduced as Allgemeines Handelsgesetzbuch (AHGB) (english General Commercial Code) in the Empire of Austria on 1863(österreichisches Reichsgesetzblatt 1/1863).	Das ADHGB wurde als „Allgemeines Handelsgesetzbuch“ (AHGB) 1863 im Kaisertum Österreich eingeführt (öRGBl 1/1863).	lang_id
18320	This feature of the Quebec network allowed Hydro-Québec to remain unscathed during the Northeast Blackout of August 14, 2003, with the exception of 5 hydro plants on the Ottawa River radially connected to the Ontario grid at the time.	Dieses Merkmal des Quebecer Stromnetzes hatte zur Folge, dass Hydro-Québec vom flächendeckenden Stromausfall in Nordostamerika am 14. August 2003 nicht betroffen war – mit Ausnahme von fünf Wasserkraftwerken am Ottawa River, die damals direkt an das Stromnetz von Ontario angeschlossen waren.	number_mismatch
18328	Fifteen chairs were assigned to Latin and 16 to Greek.	15 dieser Dozenten waren für Lateinische Sprache und 16 für Griechische Sprache vorgesehen.	number_mismatch
18332	"""Brillante Musik in der Passionszeit / Konzert der ""Neuen Rheingauer Kantorei"" war ein musikalisches Erlebnis"" (in German)."	"Brillante Musik in der Passionszeit / Konzert der ""Neuen Rheingauer Kantorei"" war ein musikalisches Erlebnis."	lang_id
18336	"All Time Low concluded their summer 2011 tour, ""Gimme Summer Ya Love Tour"", with opening acts Mayday Parade, We Are The In Crowd, The Starting Line, Brighter, and The Cab."	Den Sommer verbrachte All Time Low auf der Gimme Summer Ya Love Tour, die von Mayday Parade, We Are the In Crowd, The Starting Line, Brighter und The Cab begleitet wurde.	number_mismatch
18337	He joined the new Liberal Party, but was almost expelled for questioning the White Australia Policy.	1945 schloss er sich der neugegründeten Liberal Party of Australia an, wurde aber fast wegen seiner Meinung über die White Australia Policy vertrieben.	number_mismatch
18339	Motto : Viribus unitis.	In: Viribus Unitis.	lang_id
18341	Lieutenant General Walter Krueger, later to gain fame for his command of Sixth Army during operations in the Pacific, commanded Third Army from May 1941 until February 1943.	Lieutenant General Walter Krueger, später bekannt als Kommandeur der 6. US-Armee während des Pazifikkrieges, kommandierte die 3. US-Armee vom Mai 1941 bis zum Februar 1943.	number_mismatch
18342	There he met amongst others Max Ernst, Walter Hasenclever and Lion Feuchtwanger.	Dort traf er u. a. auf Max Ernst, Walter Hasenclever und Lion Feuchtwanger.	lang_id
18379	After Cuthbert Collingwood's death in 1810, the house passed to his brother, John Collingwood.	Nach dem Tod von Cuthbert Collingwood fiel das Haus an dessen Bruder, John Collingwood.	number_mismatch
18383	Reinhold Kaiser: The Burgundians.	Reinhold Kaiser: Die Burgunder.	lang_id
18394	In the Bezirk Bialystok region, for example, 86% of the schools that had existed before the war were closed down during the first two years of German occupation, and by the end of the following year that figure had increased to 93%.	Im Bezirk Bialystok wurden beispielsweise 86 % der Schulen, die vor dem Krieg existierten, während der ersten beiden Jahre der deutschen Besetzung geschlossen – bis Ende des folgenden Jahres stieg diese Zahl auf 90 %.	number_mismatch
18404	Comrade Don Camillo.	Hochwürden Don Camillo.	lang_id
18406	Fish attended the Camberwell Girls Grammar School and the Children's Performing Company of Australia, which she graduated from in 2008.	Fish besuchte die Camberwell Girls Grammar School und die Children’s Performing Company of Australia, die sie 2009 absolvierte.	number_mismatch
18411	"Maurice Bowra dubbed it ""The Eddyssey."""	Maurice Bowra titulierte es als “The Eddyssey.”	lang_id
18439	Today it forms the tourist region of Joglland–Waldheimat (Kraftspendedörfer Joglland).	Heute bildet die Gegend die Tourismusregion Joglland–Waldheimat (Kraftspendedörfer Joglland).	lang_id
18457	The pile dwelling was only inhabited during certain summer months.	Im Jahre 2009 wurde Yiğitler nur noch in den Sommermonaten bewohnt.	number_mismatch
18489	With its stock price plummeting from early November values bordering on $3 down to $1.16 and with long-term liabilities of $250 million, THQ was forced to delay the release dates of its flagship titles Company of Heroes 2 and Metro: Last Light to March 2013.	Nachdem der Aktienwert seit Anfang November auf die Marke von 3 Dollar fiel und sich die Langzeitverbindlichkeiten auf 250 Millionen Dollar summiert hatten, war THQ gezwungen die vorläufigen Veröffentlichungstermine für die Firmenflaggschiffe Company of Heroes 2 und Metro: Last Light auf März 2013 zu verschieben.	number_mismatch
18498	As development of petroleum resources progressed in the early 1960s, Libya launched its first Five-Year Plan, 1963-68.	Da die Förderung der Erdölvorkommen in den frühen 1960er Jahren andauerte, leitete Libyen seinen ersten Fünfjahresplan von 1963 bis 1968 ein.	number_mismatch
18502	Ella chooses Omer.	Sie entscheidet sich für Omer.	lang_id
18508	On February 8, 2015 Florian Bauer was elected with 51.11% of the votes in the second ballot.	Am 8. Februar 2015 wurde Florian Bauer mit 51,11 % der Stimmen im 2. Wahlgang gewählt.	number_mismatch
18509	Die Fünf Bücher Moses.	Die fünf Bücher Moses.	lang_id
18535	In 1892 he founded the journal Annales des Maladies des Oreilles et du Larynx.	1892 begründete er die Fachzeitschrift Annales des Maladies des Oreilles et du Larynx.	lang_id
18536	Ljubljana, Slovenia New Drama Action Festival 2009.	Ljubljana, Slowenien New Drama Action Festival 2009.	lang_id
18547	Gebhardt, Heinz, König Ludwig II und seine verbrannte Braut.	Heinz Gebhardt: König Ludwig II. und seine verbrannte Braut.	lang_id
18549	For the first six months the trial involved 10 VOD terminals; the second phase was expanded to cover 100 homes and eight schools with a further 150 terminals in test labs.	Der Versuch bestand während der ersten halben Jahres aus 10 VOD-Terminals, was in der zweiten Stufe auf 100 Wohnungen, 8 Schulen und 150 weitere Terminals in Testlabors ausgedehnt wurde.	number_mismatch
18550	"""Zombies Need Love Too!"	"""Auch Zombies brauchen Liebe."	lang_id
18551	Faust's death is dated to 1540 or 1541.	Fausts Tod wird auf die Jahre 1540/41 datiert.	number_mismatch
18618	"The second installment of the CODE_n innovation contest ran in 2013 under the slogan: ""Smart Solutions for Global Challenges""."	Die zweite Ausgabe des Code_n-Innovationswettbewerbs stand unter dem Motto „Smart Solutions for Global Challenges“.	number_mismatch
18620	Como un adiós (1968).	Ein Abschied (1958).	lang_id;number_mismatch
18626	"""Änderungen im alfabetischen Verzeichnis der Mitglieder des Reichstags""."	Änderungen im Alphabetischen Verzeichnis der Mitglieder des Reichstags.	lang_id
18627	The annual output rose from 900 hectoliters (1939) to 10,000 hl (1960), 100,000 hl (1979) and 200.000 hl (2008).	Der Jahresausstoß stieg von 900 Hektoliter (1939) auf 10.000 hl (1960), 100.000 hl (1979) und 200.000 hl (2008).	lang_id
18635	Schweiz Monatsschr Zahnmed.	Schweiz Monatsschr Zahnmed Vol.	lang_id
18646	Indian J. History Sci.	In: Indian J. History Sci.	lang_id
18656	Programmheft zur Matinee im Oldenburgischen Staatstheater, 2004 Marlene Warmer: Die Heldin großer Opern: Karrierewege der Oldenburger Sängerin Erna Schlüter (1904–1969).	Programmheft zur Matinee im Oldenburgischen Staatstheater, 2004 Marlene Warmer: „Die Heldin großer Opern“: Karrierewege der Oldenburger Sängerin Erna Schlüter (1904–1969).	lang_id
18662	Three prayers.	Drei Gebete.	lang_id
18695	Wang Dang Dula!	In: Wang Dang Dula!	lang_id
18710	In 1958, René Tavernier was a member of the executive committee of the National Institute of Agricultural Studies in the Belgian Congo (INEAC-NILCO).	Im Jahre 1958 war René Tavernier Mitglied des leitenden Ausschusses des “Nationaal Instituut voor Landbouwstudies in Belgisch Congo” (INEAC-NILCO).	lang_id
18716	Other vintage manufacturers of four-string bass banjos include Bacon & Day.	Weitere Hersteller von 4-saitigen Bassbanjos waren, neben anderen, Bacon & Day.	number_mismatch
18726	I.P.I. report: Monthly bulletin of the International Press Institute.	Nachruf in: I.P.I. Report: Monthly Bulletin of the International Press Institute, Bde.	lang_id
18738	At 01:00 she assisted in shooting down six planes which attacked the Allied force.	Gegen 1:00 Uhr war sie am Abschuss von sechs Flugzeugen beteiligt, die die alliierten Verbände angriffen.	number_mismatch
18758	The Lord Chancellor is, ex officio, one of the thirty-three Church Commissioners, who manage the assets of the Church of England.	Der Lordkanzler ist von Amts wegen (ex officio) einer von 33 Kirchenkommissaren, die die Liegenschaften der Kirche von England verwalten.	number_mismatch
18762	Happy-End einer Dampfer-Liebe, Deutsch-polnische Autorenhochzeit/Happy end of a steamer-love, German, Polish author wedding.	Happy-End einer Dampfer-Liebe, Deutsch-polnische Autorenhochzeit.	lang_id
18766	"""올해의 가수 (음원) 후보자"" ."	Die Invocatio Dei (lat.	lang_id
18776	All together, there are currently (as of 2003) 79 active winegrowing operations with a working area greater than 3 000 m².	Insgesamt sind zurzeit (Stand: 2003) 79 Weinbaubetriebe mit einer Anbaufläche größer als 30 Ar tätig.	number_mismatch
18792	In all hitherto observed breeding pairs, one partner was noticeably larger than the other, sometimes as much as 10 times.	Bei allen bisher beobachteten Paaren war ein Partner deutlich größer, manchmal sogar um das Zehnfache.	number_mismatch
18794	As a result of the Strategic Defence Review No. 17 Squadron disbanded on 31 March 1999 and began the gradual drawdown of the base.	Als Ergebnis des 1997 in Kraft getretenen britischen Strategic Defence Reviews wurde die No. 17 Squadron zum 31. März 1999 aufgelöst und der schrittweise Truppenabzug aus der Basis begann.	number_mismatch
18799	El tribut an Umpah-Pah“.	El tribut a Umpah-Pah“.	lang_id
18800	Galleria Civica di Modena.	Ausstellungskatalog der Galleria Civica di Modena.	lang_id
18822	The University of Nice Sophia-Antipolis (Université de Nice Sophia-Antipolis) (fr.)	Die Universität Nizza Sophia-Antipolis (frz.	lang_id
18825	Gedanken an Deutschland im Exil und andere Themen.	Band 3: Gedanken an Deutschland im Exil und andere Themen.	lang_id;number_mismatch
18845	In 1976, 0.8 hectares (2 acres) of the 16 hectares were transferred to the State Environmental Protection Agency for use as a vehicle test station, which was closed in June 1999.	Im Jahr 1976 wurden 0,8 Hektar der 16 Hektar an die staatliche Umweltschutzbehörde für die Verwendung als Fahrzeug-Teststation übertragen.	number_mismatch
18848	Translated in Michel Chodkiewicz (ed.), The Meccan Revelations (New York: Pir Press, 2004).	Übersetzt in Michel Chodkiewicz (ed.), The Meccan Revelations (New York: Pir Press, 2004).	lang_id
18884	Fifteen days after the treaty, delegates from Armenia were asked to come to Constantinople.	15 Tage nach dem Vertragsschluss wurden Delegierte aus Armenien aufgefordert, nach Konstantinopel zu kommen.	number_mismatch
18896	"""LEICHEN PFLASTERN SEINEN WEG""."	Leichen pflastern ihren Weg.	lang_id
18902	Revue Canadienne de Biologie.	In: Revue canadienne de biologie.	lang_id
18910	Leonhard Thurneysser ran the printing press and also restored the church between 1583 and 1584.	Leonhard Thurneysser, der auch die Druckerei anlegte, ließ die Kirche 1583/84 restaurieren.	number_mismatch
18916	Best Pract Res Clin Rheumatol.	In: Best Pract Res Clin Rheumatol.	lang_id
18962	Rigoletto (Stage and video director; English National Opera, 1982).	Rigoletto (Bühnen- und Videoregisseur; English National Opera, 1982).	lang_id
18971	"""Der Umbau der Rheinbrücke in der Linie Düsseldorf – Neuss""."	Platt: Der Umbau der Rheinbrücke in der Linie Düsseldorf – Neuss.	lang_id
18974	ACM Computing Surveys (CSUR).	In: ACM Computing Surveys (CSUR).	lang_id
19013	Chinmoy (1931–2007) joined the ashram in 1944.	Sri Chinmoy (1931–2007) trat dem Ashram 1944 bei.	lang_id
19020	Mithridates despised the situation.	Mithridates missfiel die Situation.	lang_id
19022	The Finnish Declaration of Independence (Finnish: Suomen itsenäisyysjulistus; Swedish: Finlands självständighetsförklaring; Russian: Провозглашение независимости Финляндии) was adopted by the Parliament of Finland on 6 December 1917.	Die Finnische Unabhängigkeitserklärung (finnisch: Suomen itsenäisyysjulistus; russisch: Провозглашение независимости Финляндии; schwedisch: Finlands självständighetsförklaring) wurde vom finnischen Parlament am 6. Dezember 1917 beschlossen.	lang_id
19025	European Immunization Week (EIW) is an annual regional initiative, coordinated by the World Health Organization Regional Office for Europe (WHO/Europe), to promote immunization against vaccine-preventable diseases since its launch in 2008.	Die Europäische Impfwoche (EIW) ist eine jährliche, vom Regionalbüro für Europa der Weltgesundheitsorganisation (WHO/Europa) koordinierte Regionalinitiative, um die Immunisierung von Krankheiten, denen durch Impfung vorgebeugt werden kann, voranzutreiben.	number_mismatch
19028	Die Deutsche Wehrmacht.	Die deutsche Wehrmacht.	lang_id
19041	Karl-Heinz Reger; Nelles Verlag Staff (1997).	Karl-Heinz Reger, Nelles Verlag Staff (1997).	lang_id
19062	After spending a couple of years with his family in Paris, France, he returned to Iran when he was 7 years old, just a few months before the start of the Iranian revolution.	Nach einigen Jahren Aufenthalt mit seiner Familie in Paris/Frankreich, kehrte er im Alter von sieben Jahren in den Iran zurück, kurz bevor die Iranische Revolution begann.	number_mismatch
19075	On 4 June, there was a rebellion at Sitapur, a large and important station 51 miles (82 km) from Lucknow.	Am 4. Juni begann der Aufstand in Sitapur, einer wichtigen und großen Militärstation, 82 Kilometer von Lucknow entfernt.	number_mismatch
19088	1990 international Psychobilly festival in Hamburg, Markthalle, 09.06.1990.	1990 Internationales Psychobilly Festival in Hamburg, Markthalle, 9. Juni 1990.	lang_id;number_mismatch
19108	"The musical ends with all of the participants singing the song ""Neka cijeli ovaj svijet"" (""Let This Whole World"")."	Das Musical endet mit dem hymnisch von allen Teilnehmern angestimmten Lied Neka cijeli Ovaj svijet (Möge diese ganze Welt).	lang_id
19137	In 1991 he married Tan Fui Lian (b.	1991 heiratete er Tan Fui Lian.	lang_id
19138	The two islands were later connected by an artificial isthmus.	Im Jahr 1968 wurden beide Inseln über einen künstlichen Isthmus verbunden.	number_mismatch
19153	Bollert, Werner: Karl Marx, der Fünfzigjährige (the fifty-year-old).	Bollert, Werner: Karl Marx, der Fünfzigjährige.	lang_id
19168	Matthew Nowicki - Architect in Poland, USA, India.	Maciej Nowicki – Eine Architektenkarriere in Polen, Amerika und Indien.	lang_id
19172	"""Nach den Bestimmungen des Vertrages von Kapstadt wird die südafrikanische Regierung aufgefordert, deutsch als dritte Amtssprache einzuführen."""	Abgerufen am 7. November 2015. „Nach den Bestimmungen des Vertrages von Kapstadt wird die südafrikanische Regierung aufgefordert, deutsch als dritte Amtssprache einzuführen.“ Straße umgetauft.	lang_id;number_mismatch
19182	1988 – The Initiativkreis Ruhrgebiet is founded.	1988 wurde der Initiativkreis Ruhrgebiet gegründet.	lang_id
19195	Only the start-up of the entire route had a benefit-cost ratio above one and could thus be supported by the state.	Nur die Inbetriebnahme der gesamten Strecke erreichte einen Kosten-Nutzen-Faktor über 1 und war damit durch das Land förderfähig.	number_mismatch
19208	"The first twenty-four villages of German emigrants were called ""mother colonies""."	Die ersten 24 Dörfer deutscher Auswanderer wurden Mutterkolonien genannt.	number_mismatch
19235	Pundik, Herbert: Die Flucht der dänischen Juden 1943 nach Schweden.	Herbert Pundik: Die Flucht der dänischen Juden 1943 nach Schweden.	lang_id
19238	"Their first game, which won a grant of twenty thousand dollars from USC to produce, was Cloud, released in 2005, which ""focuses on a young hospital patient who soars in his mind despite being trapped indoors""."	Ihr erstes Spiel, das einen Zuschuss von 20.000 US-Dollar von der USC erhielt, war Cloud, veröffentlicht im Jahr 2005, das „von einem jungen Krankenhauspatienten handelt, der in seinen Gedanken in die Lüfte steigt, obwohl er drinnen gefangen ist“.	number_mismatch
19257	Hays ran for the United States House of Representatives and was elected to the Seventy-eighth.	Hays kandidierte für das US-Repräsentantenhaus und wurde in den 78. Kongress gewählt.	number_mismatch
19278	Coach: Adolf Insam.	Trainer: Adolf Insam.	lang_id
19287	I24news.tv.	In: i24news.tv.	lang_id
19292	In the 1980s he was considered the oldest active conductor in the world.	In den 80er Jahren des 20. Jahrhunderts galt er als der älteste aktive Dirigent der Welt.	number_mismatch
19302	GfK-Verein, Clash der Generationen – angehende Führungskräfte unzufrieden mit aktuellen Entscheidern, retrieved 29 August 2015.	GfK-Verein, Clash der Generationen – angehende Führungskräfte unzufrieden mit aktuellen Entscheidern, abgerufen am 29. August 2015.	lang_id
19314	On the early afternoon of 1 December an infantry division and a cavalry division of the French XVI Corps met I. Bayerischen Korps.	Dabei trafen am frühen Nachmittag des 1. Dezember 1870 eine Infanteriedivision und eine Kavalleriedivision des französischen XVI. Korps auf Teile des I. Bayerischen Korps.	number_mismatch
19331	Història de l'art universal (History of the universal art).	Història de l’art universal (Geschichte der universalen Kunst).	lang_id
19340	J. Bot., Hooker 1: 296 – 305.	In: J. Bot., Hooker 1: S. 296–305.	lang_id
19353	ZEIT WISSEN, Nr. 2, 2005 Stanislaw Lem.	Zeit Wissen, 2005 Stanislaw Lem.	lang_id;number_mismatch
19361	"""Die Ursache der Mäanderbildung der Flußläufe und des sogenannten Baerschen Gesetzes""."	Die Ursache der Mäanderbildung der Flußläufe und des sogenannten Baerschen Gesetzes.	lang_id
19368	Penz, Hugo (1997): Hans Kinzl (1898-1979) und das Institut für Geographie der Universität Innsbruck.	Hugo Penz: Hans Kinzl (1898-1979) und das Institut für Geographie der Universität Innsbruck.	lang_id;number_mismatch
19372	Magma Art & Congress (Adeje, Spain, 2005).	Magma Art & Congress (Adeje, Spanien, 2005).	lang_id
19388	Essays, Sofia, LiK, 276 pp. 2010: The Dream Flute.	Essays, Sofia, LiK, 276 S. 2010: Die Flöte des Traums.	lang_id
19390	Christian Spielmann writes in 1894, “Weilburg lay in the Niederlahngau.	Christian Spielmann schrieb hierzu 1894: „Weilburg lag im Niederlahngau.	lang_id
19419	Earnhardt: Okay, just wondering.	In: Just Asked.	length
19429	The Holy Synod replaced the job of the patriarch with ten, and later twelve, clerics.	Der Heiligste Synod ersetzte das Amt des Patriarchen durch ein Kollegium von zehn, später 12 Klerikern.	number_mismatch
19442	"Vivienne Baur (2015) ""Deine Freundin"" – Jörg & Dragan (Die Autohändler) feat."	Vivienne Baur 2015: Deine Freundin – Jörg & Dragan (Die Autohändler) feat.	lang_id
19460	To the Final Solution.	Um die Endlösung.	lang_id
19472	"M. Haja: ""Schaeffer von Wienwald August""."	M. Haja: Schaeffer von Wienwald August.	lang_id
19477	While most urban lines in Lille were abandoned after 1950, the Mongy remained in service as the backbone of the public transport network of the TCC, the predecessor of Transpole.	Während die meisten Stadtlinien in Lille nach 1950 stillgelegt wurden, blieb die Mongy bis in die 1970er das Rückgrat des ÖPNV der damaligen TCC, des Vorgängers der Transpole.	number_mismatch
19501	Sabine Kuegler: Jungle Child .	Sabine Kuegler: Dschungelkind.	lang_id
19505	These events reached their height during the Second Sino-Japanese War of 1937–45 and the Asian and Pacific campaigns of World War II (1941–45).	Diese Ereignisse erreichten ihren Höhepunkt während des Zweiten Japanisch-Chinesischen Krieges von 1937 bis 1945 und der asiatischen und pazifischen Aktionen des Zweiten Weltkriegs (1941–1945).	number_mismatch
19528	Stokes, Lawrence D. Kleinstadt und Nationalsozialismus.	Lawrence D. Stokes: Kleinstadt und Nationalsozialismus.	lang_id
19533	16 out of 50 financial institutions faced bankruptcy.	Sechzehn von insgesamt 50 privaten Finanzinstituten gingen dabei in Konkurs.	number_mismatch
19536	During a period of close friendship with Sonia and Robert Delaunay in 1912–14 his paintings were influenced by Orphism, but Bruce never formed an attachment to any school.	Während einer Phase enger Freundschaft mit Sonia und Robert Delaunay von 1912 bis 1914 waren seine Gemälde vom Orphischen Kubismus beeinflusst, aber letztlich schloss sich Bruce nie einer Schule an.	number_mismatch
19545	The peace with Georgia, though initially supported strongly by Lenin, finally ended on February 11 when the Armenian and Georgian Bolsheviks organized a revolt in Lorri.	Der Frieden zwischen Russland und Georgien, der zunächst von Lenin stark unterstützt worden war, endete am 11. Februar 1921, als armenische und georgische Bolschewiki einen Aufstand in Lori initiierten.	number_mismatch
19549	An English language abridgement of Keikyo no kenkyu.	Englische Ausgabe von Keikyo no kenkyu.	lang_id
19550	Women, Science and Fiction: The Frankenstein Inheritance.	In: (dies.): Women, Science and Fiction: The Frankenstein Inheritance.	lang_id
19576	Kurzgefasstes systematisches Verzeichniss meiner Conchyliensammlung, nebst Andeutung aller bis jetzt von mir bei Halle gefundenen Land- und Flussconchylien. - pp.	Kurzgefasstes systematisches Verzeichniss meiner Conchyliensammlung nebst Andeutung aller bis jetzt von mir bei Halle gefundenen Land- und Flussconchylien.	lang_id
19590	And the Armenian government, likewise, appoints 10 Armenian and 5 Turkish or Turkish Diaspora historians.	Und die armenische Regierung benennt ebenfalls zehn armenische sowie fünf türkische oder aus der türkischen Diaspora stammende Historiker.	number_mismatch
19595	"""KURZMELDUNG: Neu ab Winter 2010/11: 8er Kabinenbahn Unterschwarzach in Hinterglemm, Presseblog Saalbach-Hinterglemm""."	KURZMELDUNG: Neu ab Winter 2010/11: 8er Kabinenbahn Unterschwarzach in Hinterglemm.	lang_id
19600	His main work: Die beginnende Schizophrenie.	Sein Hauptwerk ist Die beginnende Schizophrenie.	lang_id
19611	Hung Medien (Steffan Hung).	Hung Medien (Steffen Hung).	lang_id
19626	Each player plays once and has 6 attempts to guess the four symbol combination.	Jeder Spieler spielt einmal und hat sechs Versuche, vier Symbol-Kombinationen zu erraten.	number_mismatch
19631	He played King Philip II of Spain in the BBC serial Elizabeth R (1971) and Oliver Cromwell in By the Sword Divided (1985).	Außerdem spielte er König Philipp II. von Spanien in der sechsteiligen BBC-Serie Elizabeth R (1971) und Oliver Cromwell in By the Sword Divided (1983).	number_mismatch
19637	2006 CODATA recommended values.	In: 2006 CODATA recommended values.	lang_id
19639	He was accused of deliberately falsifying the header information of commercial e-mails and sending over 2,500 spam e-mails per day, both in violation of the CAN-SPAM Act of 2003.	Er wurde beschuldigt, vorsätzliche Header-Informationen kommerzieller E-Mail gefälscht und bis zu 2.500 Spam-Mails pro Tag verschickt zu haben, was beides einen Verstoß gegen den CAN-SPAM Act darstellt.	number_mismatch
19666	"Yasmin K. – Angel of Darkness""."	Yasmin K. - „Angel Of Darkness“).	lang_id
19669	Open Knowledge Foundation Blog.	In: Open Knowledge Foundation Blog.	lang_id
19673	Marcello Santi: CURSED GOLD.	Marcello Santi: VERFLUCHTES GOLD.	lang_id
19674	1980 - Pijača vaše in naše mladosti (The Drink Of Your Youth and Ours) 1983 - Še vedno najboljša (Still the Best) 2001 - Prve ne pozabiš nikoli (You Never Forget Your First one) 2002 - Cockte pogrešam (I Miss Cockta, but phonetically is read as How Much I Miss You) 2005 - Ješ MaxCards, Spiš MaxCards, Piješ Cockto!	1980 – Pijača naše in vaše mladosti (Das Getränk Deiner und unserer Jugend) 1983 – Še vedno najboljša (Immer noch das Beste) 2001 – Prve ne pozabiš nikoli (Du wirst dein Erstes nie vergessen) 2002 – Cockte pogrešam (Ich vermisse Cockta, phonetisch gelesen als: Ich vermisse Dich) 2005 – Ješ MaxCards, Spiš MaxCards, Piješ Cockto!	lang_id
19683	Originally, the project consisted of 2 identical satellites: PSat-A and PSat-B, 2 identical 1.5U Cubesats, which should be brought together in a 3U starter into space.	Ursprünglich bestand das Projekt aus zwei identischen Satelliten: PSat-A und PSat-B, zwei identischen 1,5U-CubeSats, welche gemeinsam in einen 3U-Starter ins All gebracht werden sollten.	number_mismatch
19698	With Harlan J. Smith, Hoffleit discovered the optical variability of the first-discovered quasar 3C 273.	Mit Harlan J. Smith entdeckte sie die Helligkeitsänderungen des ersten entdeckten Quasars 3C 273.	lang_id
19700	From 1852 until 1997, the Illinois Central Railroad owned a right of way between downtown Chicago and Lake Michigan, in the area that became Grant Park and used it for railroad tracks.	Zwischen 1852 und 1897 besaß die Illinois Central Railroad das Wegerecht zwischen Downtown Chicago und dem Lake Michigan, in dem Areal, in dem der Grant Park erbaut wurde, und nutzte es für Gleisanlagen.	number_mismatch
19717	Biel : for orchestra and samplers, 2000.	Biel: Für Orchester und Sampler, 2000.	lang_id
19722	"In October 2009, intellectual Guo Quan was sentenced to 10 years in prison for publishing ""reactionary"" articles online."	Der Intellektuelle Guo Quan, der im Oktober 2009 zu zehn Jahren Haft verurteilt wurde, weil er im Internet „reaktionäre“ Artikel veröffentlicht hatte.	number_mismatch
19731	Eckart Menzler-Trott, Gentzens Problem.	Eckart Menzler-Trott: Gentzens Problem.	lang_id
19739	"According to the PostVwG, the federal postal system was to be administered ""according to the principles of the policy of the FRG, in particular trade, economic, financial and social policies"" and ""the interests of the German national economy."""	So besagte § 2 PostVwG, dass die Bundespost „nach den Grundsätzen der Politik der Bundesrepublik Deutschland, insbesondere der Verkehrs-, Wirtschafts-, Finanz- und Sozialpolitik verwaltet wird“ und dabei „den Interessen der deutschen Volkswirtschaft Rechnung zu tragen“ ist.	number_mismatch
19742	There are 5 candidates, 3 of which will be chosen.	Es gibt fünf Kandidaten, von denen drei gewählt werden sollen.	number_mismatch
19754	The series is, in contrast to the Lümmel-Filmen mit Hansi Kraus depicted realistically.	Die Serie ist, im Gegensatz zu den Lümmel-Filmen mit Hansi Kraus, realistisch dargestellt.	lang_id
19801	The Overland runs to Melbourne twice weekly (140 minutes) and travel to Adelaide is also possible (8 hours).	The Overland fährt dreimal pro Woche nach Melbourne (Fahrzeit: 140 Minuten) und es ist auch eine Fahrt nach Adelaide (Fahrzeit: 16 Stunden) möglich.	number_mismatch
19819	"""Random House übernimmt Heyne - Bundeskartellamt genehmigt Zusammenschluss"" (in German)."	Random House übernimmt Heyne - Bundeskartellamt genehmigt Zusammenschluss.	lang_id
19826	Jesus lives.	Jesus lebt.	lang_id
19843	Antiquity 2009, 83: 1065-1075.	Antiquity 2009, 83: 1065–1075.	lang_id
19851	5 lanze were grouped to form a posta and five of these made a bandiera.	Fünf lanze wurden zusammengefasst um eine posta zu bilden, wobei fünf von diesen eine bandiera bildeten.	number_mismatch
19856	"Abraham, Nils: Die Rolle der Freundschaftsgesellschaft ""Schweden-DDR"" in der Auslandspropaganda der DDR gegenüber Schweden nach 1972, in Den okände (?) grannen."	S. 19. Nils Abraham: Die Rolle der Freundschaftsgesellschaft “Schweden-DDR” in der Auslandspropaganda der DDR gegenüber Schweden nach 1972.	lang_id;number_mismatch
19895	Vintage Computing and Gaming, Feb. 24, 2009.	Vintage Computing and Gaming, 24. Februar 2009.	lang_id
19897	New York Times: Confess Killing Fliers: Germans on Trial in Naples for Murder of Americans.	Abgerufen am 24. März 2018 New York Times: Confess Killing Fliers: Germans on Trial in Naples for Murder of Americans.	number_mismatch
19910	"""Aus dem Alltag eines Sysadmin: Mod_qos gegen Slowloris""."	Charly Kuehnast: Aus dem Alltag eines Sysadmin: Mod_qos gegen Slowloris.	lang_id
19915	Karthala Editions.	KARTHALA Editions.	lang_id
19916	Cocaine Cowboys 2: Hustlin' with the Godmother (DVD).	Ausschnitt aus: Cocaine Cowboys II: Hustlin With The Godmother.	lang_id;number_mismatch
19919	From the mid-eighteenth century, Boughton House was little used or altered, but was well cared for.	Ab der Mitte des 18. Jahrhunderts wurde Boughton House nur noch wenig verändert, aber dafür gut gepflegt.	number_mismatch
19931	In Tropic of Chaos: Climate Change and the New Geography of Violence (2011), Parenti links the implications of climate change with social and political unrest in mid-latitude regions of the world.	In seinem neuesten Werk Tropic of Chaos: Climate Change and the New Geography of Violence (2011) (deutsch: Im Wendekreis des Chaos – Klimawandel und die neue Geografie der Gewalt, Laika 2013) untersucht Parenti die Zusammenhänge des Klimawandels mit sozialen und politischen Unruhen in den mittleren Klimazonen der Welt.	number_mismatch
19938	Just prior to the launch of the regular season, Blizzard and Twitch established a two-year, US$90 million deal for Twitch to be the sole third-party stream broadcaster for the Overwatch League in the world, excluding China.	Kurz vor dem Start der regulären Spielzeit haben Blizzard und Twitch einen Zwei-Jahres-Vertrag für Twitch geschlossen, um der einzige Dritte-Stream-Sender für die Overwatch League der Welt zu werden, mit Ausnahme von China.	number_mismatch
19941	On November 11, 2010, producer Brett Ratner said on the Opie and Anthony Show that the film cost $10 million to make.	Am 11. November 2010 sagte Produzent Brett Ratner in der Opie and Anthony Show, dass die gesamten Produktionskosten des Films bei zehn Millionen US-Dollar liegen würden.	number_mismatch
19948	"""Holocaust: Die Vergangenheit kommt zurück""."	Holocaust: Die Vergangenheit kommt zurück.	lang_id
19949	RFC 5404 defined media type audio/G719.	RFC 5404 definiert den Media Type audio/G719.	lang_id
19975	The project, the biggest public works program of the decade, stimulated significant growth in the local economy and provided desperately needed work for around five hundred men.	Das Projekt, das größte öffentliche Bauprogramm der Dekade, führte zu einem merklichen Wachstum der örtlichen Wirtschaft und sorgte für ca. 500 dringend benötigte Arbeitsplätze.	number_mismatch
19976	"""100 JAHRE ÖSTERREICHISCHES ARCHÄOLOGISCHES INSTITUT."	100 Jahre Österreichisches Archäologisches Institut.	lang_id
